{"type":"FeatureCollection","name":"kalimantan-legacy-four","features":[{"type":"Feature","properties":{"province":"Kalimantan Barat","boundary_set":"gwis_legacy_4","source_shape_iso":"ID-KB","source_shape_id":"65028918B19721185942402","source_shape_name":"West Kalimantan","centroid":{"longitude":111.40300205,"latitude":-0.4802493000000001},"geometry_role":"display geometry only; not an event location or analytical exposure boundary","display_id":"gwis-id-kb"},"geometry":{"type":"MultiPolygon","coordinates":[[[[109.2822806,-0.6136062],[109.2886321,-0.6124046],[109.3073432,-0.6029638],[109.3080298,-0.6002174],[109.2984168,-0.5938662],[109.291207,-0.5959261],[109.2860572,-0.600389],[109.2819373,-0.6106881],[109.2822806,-0.6136062]]],[[[110.191923,-2.9097209],[110.1919938,-2.9035642],[110.1950407,-2.8968413],[110.2009219,-2.892666],[110.2000008,-2.8882076],[110.2014179,-2.8820508],[110.1785308,-2.8612447],[110.174421,-2.85438],[110.1700987,-2.8526107],[110.1620209,-2.8543092],[110.1591866,-2.8572108],[110.1617374,-2.8648539],[110.1567065,-2.8762477],[110.1520299,-2.8824046],[110.1416138,-2.885023],[110.1321896,-2.8903306],[110.134032,-2.8985397],[110.1359451,-2.9003796],[110.1396297,-2.9001673],[110.14048,-2.9030688],[110.145511,-2.8976905],[110.1483453,-2.9002381],[110.1477076,-2.902715],[110.1501167,-2.9026442],[110.1516756,-2.8986105],[110.1543682,-2.8994597],[110.1568482,-2.9015119],[110.1560688,-2.9045549],[110.1592943,-2.905039],[110.160564,-2.9075752],[110.1596571,-2.9116967],[110.1616071,-2.9135083],[110.1667769,-2.9116514],[110.1724002,-2.9145953],[110.1765269,-2.9130554],[110.1782049,-2.9098851],[110.1826491,-2.9080734],[110.191923,-2.9097209]]],[[[110.1118931,-2.6727943],[110.1060884,-2.6747875],[110.1035489,-2.673202],[110.0983791,-2.6740627],[110.0951593,-2.6788644],[110.091486,-2.691503],[110.085636,-2.6950816],[110.0807836,-2.6933602],[110.0731196,-2.7084447],[110.0716231,-2.717595],[110.0703079,-2.7213547],[110.0680858,-2.723076],[110.0670428,-2.7304596],[110.0535288,-2.7414669],[110.0439601,-2.7436864],[110.0449578,-2.747899],[110.0554334,-2.7472196],[110.0609207,-2.7523381],[110.0655916,-2.7517946],[110.0702172,-2.7535612],[110.0711696,-2.7560525],[110.0795592,-2.7600386],[110.083822,-2.7605368],[110.0928918,-2.7567319],[110.0965198,-2.7591326],[110.1025512,-2.7580455],[110.1070861,-2.7522475],[110.1145687,-2.7515228],[110.1150676,-2.7494844],[110.1193757,-2.750481],[110.1222781,-2.7484879],[110.1220513,-2.7450906],[110.1281281,-2.7424181],[110.1285816,-2.7410139],[110.1240467,-2.7388849],[110.1233211,-2.7367106],[110.1249537,-2.7322715],[110.1243188,-2.7304596],[110.1264955,-2.7300066],[110.1263595,-2.7289647],[110.1238653,-2.7278323],[110.1214164,-2.7226231],[110.1188315,-2.7204487],[110.1165187,-2.7207205],[110.1156117,-2.718365],[110.1163373,-2.7164625],[110.1207362,-2.7161454],[110.122006,-2.7135634],[110.1223688,-2.7106643],[110.1199199,-2.7096225],[110.1197839,-2.7056815],[110.1177885,-2.7025559],[110.1225048,-2.6975277],[110.1249083,-2.6975277],[110.1281735,-2.7027824],[110.126813,-2.6953987],[110.1279921,-2.6938585],[110.1198292,-2.6867465],[110.1214618,-2.678955],[110.1198292,-2.6773696],[110.1174711,-2.6785473],[110.1141152,-2.676826],[110.1132989,-2.6731567],[110.1118931,-2.6727943]]],[[[109.6874,-1.216950592974485],[109.6836249,-1.2073053],[109.6834533,-1.2024998],[109.6867148,-1.1968362],[109.691178,-1.1928889],[109.7311751,-1.1729804],[109.7673957,-1.152042],[109.7795836,-1.1470649],[109.7806136,-1.1393416],[109.779412,-1.1319616],[109.7715156,-1.1237235],[109.7665374,-1.1113662],[109.7653358,-1.0998671],[109.7708289,-1.0806445],[109.7596709,-1.0447734],[109.7603576,-1.0382513],[109.7567527,-1.0231476],[109.7569243,-1.0169688],[109.7631042,-1.0078721],[109.7617309,-1.0042678],[109.7437682,-1.003848],[109.7326786,-1.0007222],[109.7278061,-0.9986868],[109.7203605,-0.9895071],[109.7183005,-0.9889922],[109.7013061,-0.9931115],[109.6997611,-1.0011784],[109.6963279,-1.008387],[109.6899764,-1.0157673],[109.6858565,-1.0193716],[109.675,-1.0205],[109.6642272,-1.0106183],[109.6510093,-1.0123346],[109.6443145,-1.0101034],[109.641188,-1.001263],[109.639815,-0.9908715],[109.6371636,-0.986409],[109.6164245,-0.9863813],[109.5965412,-0.9812097],[109.587799,-0.9853391],[109.5811431,-0.9913951],[109.5713584,-0.9951711],[109.5675818,-0.9992904],[109.5598571,-1.0020365],[109.5449225,-1.0020365],[109.5420043,-1.0004918],[109.5370261,-1.0004918],[109.5322196,-0.9979173],[109.5298163,-0.9991187],[109.5260398,-0.9974024],[109.4920508,-0.9728584],[109.488446,-0.9733733],[109.4802062,-0.9932831],[109.474713,-1.0010067],[109.4675033,-1.0030663],[109.4626967,-1.0006635],[109.4585769,-1.0034096],[109.4611518,-1.0075289],[109.4606368,-1.0094168],[109.4621818,-1.0101034],[109.4620101,-1.0162822],[109.4602935,-1.0183418],[109.4563453,-1.0185135],[109.4563453,-1.0207447],[109.4585769,-1.0228043],[109.4566886,-1.0267519],[109.4537704,-1.0277817],[109.4515388,-1.0308711],[109.4518821,-1.0368783],[109.456002,-1.0415124],[109.4556586,-1.0610785],[109.4518821,-1.0876813],[109.4383208,-1.1508406],[109.4369475,-1.1542732],[109.434201,-1.1554746],[109.4362609,-1.1575341],[109.4357459,-1.1668019],[109.4266479,-1.2045593],[109.4105117,-1.2397419],[109.4063918,-1.244204],[109.4008986,-1.24695],[109.3914573,-1.24695],[109.3842475,-1.2495243],[109.3809859,-1.2531283],[109.3806426,-1.255531],[109.3827025,-1.2601647],[109.4038169,-1.2766402],[109.420983,-1.287967],[109.4343726,-1.2948317],[109.4589202,-1.304099],[109.4925658,-1.3101056],[109.5013206,-1.309934],[109.5131652,-1.2958614],[109.5444076,-1.2725213],[109.5905184,-1.2482024],[109.6137588,-1.2368243],[109.6619956,-1.217431],[109.6776168,-1.2143418],[109.6874,-1.216950592974485]]],[[[109.3567817,-0.6697359],[109.3665664,-0.6766019],[109.3718879,-0.6766019],[109.3840758,-0.6729973],[109.400212,-0.6754004],[109.4057052,-0.6748854],[109.3990104,-0.6699076],[109.3912856,-0.6613251],[109.3844192,-0.6573772],[109.3801276,-0.6565189],[109.3722312,-0.6503395],[109.3694846,-0.6503395],[109.3622748,-0.6563473],[109.3574683,-0.6566906],[109.3509452,-0.6518843],[109.3497436,-0.6563473],[109.3567817,-0.6697359]]],[[[108.611612,0.125955],[108.6107002,0.1390518],[108.6080131,0.1415598],[108.6006684,0.1327819],[108.5990561,0.1256164],[108.600131,0.1198839],[108.6037138,0.1197047],[108.611612,0.125955]]],[[[108.7704191,0.7305033],[108.7669859,0.7521308],[108.7676725,0.7591683],[108.7626943,0.764661],[108.7585745,0.7610564],[108.7625227,0.7337646],[108.7683591,0.7287868],[108.7699041,0.7287868],[108.7704191,0.7305033]]],[[[108.7103376,0.7931542],[108.7108526,0.7984752],[108.7094793,0.8010498],[108.7063894,0.8027663],[108.6948881,0.8005349],[108.6924848,0.794699],[108.6952314,0.7907511],[108.6972913,0.7819972],[108.6954031,0.7735866],[108.7000379,0.7720418],[108.7043295,0.7612281],[108.708106,0.7584817],[108.7069044,0.7492128],[108.7051878,0.7478397],[108.7110242,0.7392573],[108.7189207,0.7317048],[108.7261305,0.7305033],[108.7287054,0.733593],[108.7275037,0.7462948],[108.7209806,0.7547055],[108.7154874,0.758825],[108.7156591,0.7634595],[108.7079343,0.7770195],[108.7072477,0.7819972],[108.7103376,0.7931542]]],[[[108.7896513,0.8292174],[108.7934562,0.8361781],[108.7914501,0.8391478],[108.7823094,0.8398073],[108.7763556,0.8377394],[108.7748915,0.8344909],[108.7760502,0.8221956],[108.7817127,0.8210263],[108.7853108,0.8226482],[108.7896513,0.8292174]]],[[[113.8403582,0.6681938],[113.8359298,0.6824271],[113.8404161,0.6989612],[113.8436586,0.7056457],[113.8490219,0.7092826],[113.8601988,0.7128212],[113.8700714,0.7118009],[113.8747482,0.7127877],[113.8799362,0.7174647],[113.8948517,0.7385683],[113.8971251,0.7451349],[113.896782,0.7487075],[113.8897476,0.7605545],[113.8898009,0.7678624],[113.8874436,0.7801172],[113.8888015,0.7870907],[113.891243,0.7937751],[113.8988264,0.8027124],[113.9208296,0.8196207],[113.9234465,0.8245777],[113.9262239,0.8375931],[113.9263916,0.8408763],[113.923935,0.8451267],[113.9025726,0.8654728],[113.8795013,0.8836841],[113.8745804,0.8927728],[113.8749239,0.8962188],[113.8795319,0.9052732],[113.8795852,0.9120657],[113.8777999,0.9184507],[113.8800737,0.9279569],[113.8938599,0.9470976],[113.9078293,0.9542002],[113.9119873,0.9639961],[113.9182967,0.9866899],[113.9185105,1.0018485],[113.9154206,1.0078625],[113.9086228,1.0132517],[113.8964692,1.0170842],[113.8922424,1.0229262],[113.8910292,1.0331282],[113.8889693,1.0379485],[113.8941954,1.0518237],[113.8999558,1.0587076],[113.9058302,1.0610694],[113.9200286,1.0631975],[113.9366912,1.061039],[113.9415437,1.0627583],[113.9506531,1.0772132],[113.95076,1.0833544],[113.9562227,1.0927616],[113.9552993,1.106916],[113.9587708,1.1143785],[113.9677124,1.1245913],[113.9762725,1.1252262],[113.9791183,1.1270627],[113.9821319,1.1404762],[113.9861146,1.1442124],[113.9929045,1.144503],[114.0017015,1.1480592],[114.0121764,1.138863],[114.0226211,1.1462632],[114.0299989,1.1472143],[114.03302,1.1453608],[114.0391847,1.134391],[114.0414656,1.1328267],[114.0464401,1.1324569],[114.0515366,1.1352073],[114.057968,1.1414131],[114.0684052,1.1469051],[114.0803147,1.1616226],[114.0836868,1.1623017],[114.0864257,1.1610268],[114.0925522,1.1517755],[114.0989839,1.1486473],[114.1033248,1.1483407],[114.1095125,1.1501055],[114.1167298,1.1543487],[114.1219559,1.1695444],[114.1330108,1.1829324],[114.1397248,1.198879],[114.1390764,1.2067747],[114.1362,1.2124994],[114.1319884,1.2171203],[114.1271438,1.2193896],[114.1259688,1.2237125],[114.1327591,1.2329121],[114.1357194,1.2423551],[114.1416702,1.2538608],[114.1479338,1.2592073],[114.1577683,1.2604392],[114.1598891,1.2624475],[114.1607668,1.2663639],[114.1540758,1.275787],[114.1541748,1.2824708],[114.1451111,1.2880948],[114.1417084,1.2925983],[114.1422347,1.2951941],[114.1504592,1.3054251],[114.1531297,1.3127968],[114.1483918,1.3468756],[114.1522139,1.3680222],[114.1477052,1.3785854],[114.1523057,1.3845645],[114.1678544,1.3960992],[114.1723174,1.3972939],[114.1823196,1.3963914],[114.1901399,1.4060524],[114.1936416,1.4073103],[114.2034682,1.4073935],[114.206948,1.409688],[114.203925,1.416023],[114.203603,1.420717],[114.197172,1.422229],[114.192605,1.42776],[114.186495,1.428693],[114.179967,1.435092],[114.174179,1.437922],[114.165625,1.441395],[114.161348,1.440944],[114.158775,1.449434],[114.153823,1.4522],[114.14945,1.461494],[114.14305,1.464838],[114.138001,1.464452],[114.135847,1.462876],[114.122148,1.463005],[114.120122,1.458535],[114.116455,1.456091],[114.105779,1.455319],[114.102724,1.462298],[114.09774,1.466349],[114.091983,1.463327],[114.08835,1.463938],[114.086774,1.46249],[114.079378,1.46516],[114.058829,1.457024],[114.053555,1.457506],[114.048217,1.451782],[114.032202,1.450785],[114.02799,1.452876],[114.017217,1.448341],[114.009756,1.449821],[113.998801,1.443511],[113.984546,1.449199],[113.975734,1.450053],[113.970291,1.447441],[113.967875,1.441925],[113.96353,1.443731],[113.954206,1.442389],[113.945346,1.436311],[113.94061,1.428695],[113.937169,1.415637],[113.929992,1.414197],[113.924183,1.409559],[113.915567,1.410365],[113.911637,1.413562],[113.908586,1.412903],[113.901678,1.405215],[113.887961,1.400992],[113.882102,1.395646],[113.879979,1.390594],[113.876806,1.388446],[113.868116,1.386444],[113.861355,1.387835],[113.851689,1.387616],[113.849883,1.384101],[113.85064,1.380391],[113.845172,1.378511],[113.834188,1.377828],[113.829965,1.373385],[113.82252,1.3707],[113.820885,1.367454],[113.814832,1.363842],[113.823692,1.356617],[113.82523,1.353834],[113.830404,1.352711],[113.831015,1.347243],[113.828964,1.337748],[113.829477,1.330524],[113.824791,1.324982],[113.824498,1.318539],[113.818566,1.30692],[113.810023,1.298865],[113.786908,1.291323],[113.776779,1.286051],[113.762646,1.281121],[113.761206,1.277678],[113.75547,1.273016],[113.749551,1.274262],[113.74113,1.27121],[113.737566,1.271381],[113.734979,1.2675],[113.721798,1.266524],[113.715207,1.261252],[113.702905,1.262716],[113.700464,1.255491],[113.692532,1.245776],[113.689432,1.239601],[113.67713,1.230546],[113.670564,1.230277],[113.666317,1.226567],[113.663973,1.221123],[113.666512,1.216412],[113.664608,1.214801],[113.659043,1.215046],[113.654186,1.22066],[113.643348,1.220123],[113.630021,1.216023],[113.625994,1.21778],[113.622112,1.225371],[113.617304,1.226933],[113.619403,1.232327],[113.626677,1.238307],[113.624895,1.249511],[113.615107,1.25139],[113.608907,1.255589],[113.595629,1.260226],[113.593896,1.270136],[113.594677,1.275823],[113.591601,1.277898],[113.589698,1.281804],[113.591479,1.286026],[113.583229,1.291445],[113.580496,1.295814],[113.581862,1.306261],[113.578494,1.306359],[113.573686,1.304211],[113.56668,1.308385],[113.558845,1.307213],[113.549911,1.317367],[113.544468,1.319808],[113.534754,1.32115],[113.525771,1.319124],[113.512493,1.313559],[113.505927,1.316171],[113.501631,1.314829],[113.498189,1.317099],[113.485741,1.30653],[113.481786,1.30736],[113.476368,1.304187],[113.463846,1.303332],[113.462333,1.300208],[113.453985,1.292714],[113.451056,1.285513],[113.436606,1.283414],[113.419081,1.28549],[113.417226,1.29042],[113.408218,1.299158],[113.407461,1.305309],[113.401189,1.310142],[113.394916,1.318978],[113.380954,1.320711],[113.365918,1.325617],[113.366748,1.3346],[113.363185,1.339945],[113.362501,1.347683],[113.359035,1.351003],[113.355349,1.358886],[113.348124,1.359131],[113.344487,1.360595],[113.340143,1.364842],[113.332478,1.366526],[113.329183,1.368821],[113.325766,1.376949],[113.31466,1.376095],[113.305726,1.373361],[113.302236,1.376363],[113.284442,1.383076],[113.275484,1.383295],[113.270211,1.390715],[113.266941,1.391911],[113.257421,1.385809],[113.250868,1.385028],[113.246742,1.388104],[113.24147,1.395793],[113.232756,1.397501],[113.22331,1.392253],[113.218794,1.384418],[113.21296,1.385273],[113.202587,1.381587],[113.194996,1.383271],[113.19031,1.382148],[113.187576,1.379243],[113.181474,1.379463],[113.1711,1.3862],[113.15765,1.392034],[113.147936,1.390081],[113.141321,1.393376],[113.134413,1.401431],[113.133754,1.41283],[113.127139,1.414539],[113.123429,1.420177],[113.124503,1.42767],[113.120891,1.432235],[113.111933,1.435237],[113.106343,1.445],[113.093968,1.441388],[113.092552,1.434334],[113.090355,1.432943],[113.088183,1.428012],[113.084497,1.42767],[113.074758,1.430673],[113.064213,1.422422],[113.057062,1.419982],[113.043857,1.422789],[113.037315,1.413806],[113.028992,1.410828],[113.02433,1.406386],[113.018862,1.404214],[113.013956,1.403896],[113.004558,1.407558],[112.993501,1.406752],[112.990719,1.407753],[112.98491,1.406118],[112.974682,1.408681],[112.977148,1.423033],[112.974072,1.436385],[112.980369,1.439729],[112.982566,1.444756],[112.982078,1.449565],[112.987057,1.452201],[113.007317,1.457815],[113.011589,1.462038],[113.02472,1.466163],[113.027893,1.470947],[113.035411,1.470337],[113.040317,1.473583],[113.041635,1.475829],[113.038365,1.484518],[113.031726,1.492817],[113.038462,1.495575],[113.040757,1.498041],[113.049691,1.499652],[113.049886,1.501092],[113.046884,1.503679],[113.04725,1.510196],[113.045883,1.515151],[113.059796,1.526502],[113.06126,1.529236],[113.064848,1.53026],[113.07078,1.529479],[113.068265,1.54039],[113.063847,1.542928],[113.062456,1.545931],[113.062432,1.549885],[113.064311,1.55318],[113.058502,1.558477],[113.052449,1.557183],[113.048128,1.560454],[113.038341,1.562846],[113.033898,1.566166],[113.030237,1.565336],[113.02638,1.568216],[113.021962,1.56746],[113.018423,1.569241],[113.011954,1.56973],[113.005876,1.568753],[113.00224,1.574514],[113.0039,1.579274],[113.002996,1.581031],[112.997919,1.579517],[112.989889,1.579737],[112.984666,1.564847],[112.975146,1.563456],[112.966847,1.568484],[112.962673,1.568362],[112.957718,1.57051],[112.957572,1.57444],[112.956449,1.575001],[112.951811,1.574123],[112.949029,1.568289],[112.943122,1.570657],[112.94239,1.566824],[112.93309,1.567532],[112.921081,1.573537],[112.918225,1.580225],[112.915418,1.582422],[112.904581,1.583325],[112.899845,1.588402],[112.895916,1.589354],[112.890765,1.586157],[112.884834,1.587597],[112.87839,1.583032],[112.875046,1.571975],[112.867308,1.566654],[112.8666,1.560527],[112.861962,1.558037],[112.854811,1.557061],[112.851076,1.55379],[112.852516,1.548982],[112.847977,1.547029],[112.8491,1.537851],[112.845633,1.538559],[112.842289,1.536973],[112.839824,1.537558],[112.837115,1.542123],[112.831159,1.545247],[112.827156,1.541952],[112.825643,1.538535],[112.822079,1.539438],[112.814317,1.538315],[112.812047,1.540829],[112.800867,1.541171],[112.799525,1.541806],[112.799745,1.548811],[112.796693,1.553327],[112.789396,1.556622],[112.782561,1.556061],[112.778802,1.560308],[112.775873,1.561504],[112.770869,1.560064],[112.768404,1.561626],[112.762497,1.55794],[112.749353,1.55506],[112.745863,1.559405],[112.736734,1.564433],[112.728117,1.564579],[112.724456,1.561504],[112.707541,1.558819],[112.700755,1.554328],[112.693725,1.552326],[112.680886,1.55484],[112.677372,1.552326],[112.666071,1.559698],[112.662946,1.566703],[112.66031,1.568558],[112.651522,1.567728],[112.648569,1.568655],[112.641173,1.564066],[112.63014,1.5637],[112.601265,1.570681],[112.580078,1.570413],[112.569314,1.572244],[112.558916,1.570926],[112.555864,1.57344],[112.543807,1.572439],[112.53458,1.573904],[112.524816,1.577662],[112.516737,1.573928],[112.507584,1.576198],[112.500396,1.580127],[112.493171,1.576149],[112.490047,1.57776],[112.486678,1.577467],[112.481699,1.569388],[112.476377,1.570144],[112.474766,1.566483],[112.469787,1.565628],[112.464271,1.557891],[112.456875,1.556817],[112.446843,1.550251],[112.443401,1.545784],[112.44223,1.541635],[112.444353,1.53668],[112.443865,1.53463],[112.435883,1.526331],[112.430465,1.52284],[112.418602,1.524427],[112.403054,1.517177],[112.398904,1.521864],[112.394852,1.523255],[112.385968,1.510416],[112.374007,1.512345],[112.368784,1.510123],[112.362096,1.504143],[112.354749,1.503216],[112.3516,1.500336],[112.345034,1.504412],[112.339469,1.502191],[112.329046,1.505144],[112.321528,1.503509],[112.318599,1.504802],[112.316915,1.496821],[112.30969,1.490254],[112.305858,1.489449],[112.302343,1.483957],[112.297315,1.483298],[112.293678,1.481077],[112.287185,1.472095],[112.281425,1.470239],[112.276421,1.466334],[112.266926,1.466919],[112.263997,1.463258],[112.25726,1.458962],[112.250096,1.459402],[112.246532,1.45718],[112.240528,1.459084],[112.235622,1.456839],[112.231521,1.459084],[112.226103,1.458791],[112.222636,1.456985],[112.219805,1.452421],[112.215826,1.45286],[112.207967,1.450102],[112.205745,1.44378],[112.200034,1.437092],[112.201645,1.421568],[112.19503,1.413562],[112.194981,1.410877],[112.196763,1.406069],[112.201889,1.404068],[112.206917,1.407826],[112.217998,1.395182],[112.224003,1.399917],[112.226444,1.399063],[112.226127,1.384027],[112.223686,1.37651],[112.218219,1.370993],[112.21795,1.366404],[112.219952,1.363598],[112.218829,1.356836],[112.212385,1.352711],[112.208382,1.352418],[112.212824,1.343558],[112.198887,1.322224],[112.188073,1.318075],[112.184193,1.314414],[112.177236,1.311436],[112.177431,1.292934],[112.17172,1.289297],[112.169962,1.283512],[112.170987,1.278947],[112.169645,1.272943],[112.174136,1.259714],[112.168693,1.253709],[112.162078,1.252806],[112.158417,1.249536],[112.16076,1.246777],[112.160882,1.242237],[112.163225,1.238723],[112.160223,1.236941],[112.16674,1.226298],[112.16552,1.222637],[112.168339,1.219024],[112.1617,1.215705],[112.161151,1.213264],[112.163591,1.206258],[112.156977,1.199887],[112.156855,1.196788],[112.154683,1.193908],[112.145541,1.187098],[112.142368,1.187732],[112.141734,1.185633],[112.142417,1.183583],[112.146713,1.181532],[112.148971,1.174406],[112.152717,1.174405],[112.155683,1.170475],[112.150618,1.160687],[112.152961,1.157758],[112.153743,1.153804],[112.153926,1.141844],[112.15024,1.145652],[112.145359,1.145627],[112.142417,1.141648],[112.134545,1.137548],[112.123036,1.139305],[112.110637,1.136571],[112.099421,1.138378],[112.093648,1.135009],[112.086863,1.138182],[112.082567,1.135741],[112.077392,1.136767],[112.068312,1.135302],[112.065432,1.136474],[112.05352,1.131543],[112.042585,1.132422],[112.031894,1.129591],[112.029453,1.127394],[112.023741,1.128175],[112.015931,1.132666],[112.011049,1.129639],[112.003824,1.128126],[112.002114,1.125986],[111.991934,1.123384],[111.980019,1.123521],[111.971619,1.12101],[111.968195,1.122152],[111.963859,1.121239],[111.960481,1.123339],[111.955961,1.123567],[111.948611,1.115532],[111.938659,1.118728],[111.935099,1.118363],[111.933273,1.116126],[111.934231,1.1038],[111.928251,1.094989],[111.927977,1.087913],[111.923914,1.089739],[111.919805,1.086772],[111.918116,1.08837],[111.911999,1.087913],[111.911771,1.084535],[111.907845,1.082663],[111.910858,1.079331],[111.907617,1.074583],[111.908347,1.070612],[111.905425,1.072118],[111.902595,1.070247],[111.894195,1.07294],[111.892004,1.071616],[111.890908,1.068329],[111.886571,1.068694],[111.88543,1.067142],[111.880363,1.065864],[111.882691,1.059336],[111.879541,1.054132],[111.880135,1.05121],[111.875341,1.050389],[111.876254,1.047147],[111.871324,1.047193],[111.872739,1.044408],[111.870457,1.042126],[111.870639,1.037013],[111.872876,1.034547],[111.874474,1.028978],[111.869909,1.024184],[111.86717,1.023911],[111.863701,1.01962],[111.864477,1.018387],[111.869316,1.018433],[111.869863,1.014598],[111.867079,1.012863],[111.866257,1.00912],[111.860962,1.010078],[111.857994,1.007796],[111.858542,1.005696],[111.855849,1.005924],[111.855484,1.001587],[111.840784,0.997753],[111.837223,0.99369],[111.832978,0.993918],[111.825993,0.985382],[111.821382,0.986021],[111.816497,0.983738],[111.811658,0.995744],[111.804537,0.995516],[111.799516,1.000218],[111.796777,1.000035],[111.790614,0.994146],[111.775549,0.999122],[111.771075,1.004966],[111.769614,1.017109],[111.761899,1.021217],[111.754458,1.017017],[111.748021,1.008664],[111.74551,1.009714],[111.74195,1.008846],[111.739667,1.010718],[111.733093,1.007431],[111.728209,1.008025],[111.719763,1.006518],[111.716339,1.007522],[111.712915,1.009988],[111.709218,1.016104],[111.714604,1.02172],[111.713783,1.025919],[111.709035,1.026559],[111.703648,1.023911],[111.699722,1.026969],[111.693833,1.02875],[111.689999,1.025965],[111.666717,1.04281],[111.663521,1.03998],[111.659138,1.03966],[111.657586,1.037104],[111.651423,1.033817],[111.638778,1.031215],[111.63782,1.029024],[111.639874,1.025463],[111.639509,1.022039],[111.635583,1.020806],[111.631474,1.022404],[111.627137,1.020806],[111.62344,1.02204],[111.616592,1.017155],[111.61609,1.014416],[111.595319,1.008344],[111.589658,1.003185],[111.590023,0.994785],[111.587056,0.991088],[111.58596,0.984788],[111.576784,0.974471],[111.573452,0.974836],[111.567472,0.980679],[111.566832,0.983829],[111.560122,0.985518],[111.554278,0.980908],[111.548115,0.978351],[111.548389,0.974653],[111.551311,0.972599],[111.552041,0.957032],[111.544053,0.949363],[111.540036,0.94877],[111.53191,0.95475],[111.522962,0.957352],[111.517438,0.974289],[111.517621,0.985381],[111.513604,1.007157],[111.508491,1.012361],[111.505386,1.021537],[111.502363,1.022202],[111.499135,1.025719],[111.493081,1.028717],[111.48916,1.034425],[111.463503,1.036443],[111.455028,1.023701],[111.443496,1.015629],[111.431965,1.014014],[111.42493,1.011131],[111.405038,1.009402],[111.398408,1.015225],[111.394314,1.013841],[111.385031,1.014591],[111.379265,1.021856],[111.357529,1.035751],[111.350207,1.034656],[111.344268,1.03996],[111.335792,1.043592],[111.318379,1.043996],[111.316477,1.04561],[111.308808,1.046706],[111.296354,1.055239],[111.287533,1.055931],[111.272254,1.068096],[111.26643,1.068788],[111.254495,1.063542],[111.245328,1.077611],[111.22607,1.087989],[111.224859,1.092659],[111.222265,1.086893],[111.218863,1.085394],[111.217825,1.078475],[111.214423,1.07738],[111.212002,1.074036],[111.205659,1.071326],[111.197587,1.064753],[111.188939,1.063369],[111.184326,1.064234],[111.178503,1.061639],[111.171699,1.063369],[111.155901,1.055989],[111.142006,1.052356],[111.125689,1.053509],[111.119058,1.05178],[111.115195,1.052356],[111.10966,1.048205],[111.105566,1.052011],[111.099455,1.05178],[111.092017,1.048263],[111.079447,1.051261],[111.060132,1.045553],[111.056269,1.041055],[111.046814,1.037077],[111.038915,1.0365],[111.027383,1.032868],[111.018792,1.032983],[111.009337,1.031023],[111.00096,1.032679],[110.99749,1.027052],[110.987564,1.029365],[110.976742,1.02741],[110.969458,1.029694],[110.963114,1.029037],[110.958934,1.026455],[110.934925,1.025693],[110.929858,1.026305],[110.923521,1.029694],[110.915723,1.030664],[110.905498,1.02835],[110.903497,1.026843],[110.902901,1.020872],[110.899841,1.015185],[110.890616,1.007558],[110.891331,0.989597],[110.88779,0.980864],[110.876765,0.975267],[110.869887,0.964883],[110.861997,0.965692],[110.861458,0.957229],[110.858963,0.952677],[110.859907,0.950351],[110.854108,0.950553],[110.847634,0.954802],[110.834755,0.94971],[110.823527,0.952745],[110.820627,0.951093],[110.816649,0.944855],[110.811928,0.949913],[110.808793,0.949542],[110.806669,0.943574],[110.802993,0.93882],[110.806736,0.935819],[110.808792,0.92975],[110.814018,0.921389],[110.810984,0.91569],[110.810883,0.908509],[110.804848,0.900484],[110.802993,0.900552],[110.799251,0.907396],[110.796014,0.905677],[110.783978,0.912251],[110.779797,0.926446],[110.77565,0.930829],[110.772211,0.932481],[110.768873,0.932043],[110.765029,0.929649],[110.764288,0.924828],[110.761321,0.923243],[110.760208,0.920714],[110.759938,0.917949],[110.762164,0.916736],[110.764591,0.910532],[110.76422,0.907936],[110.759635,0.906486],[110.755319,0.900012],[110.753667,0.900249],[110.750869,0.904867],[110.741327,0.903755],[110.734651,0.907261],[110.727908,0.907666],[110.725817,0.906351],[110.722513,0.907969],[110.720996,0.905643],[110.71523,0.9048],[110.713982,0.900114],[110.709464,0.895697],[110.708689,0.892865],[110.704845,0.891819],[110.702687,0.88956],[110.702553,0.886593],[110.696787,0.883087],[110.692472,0.882514],[110.691055,0.883998],[110.687515,0.881637],[110.684649,0.881604],[110.679727,0.877895],[110.676119,0.87776],[110.673253,0.880289],[110.66769,0.875973],[110.664555,0.879648],[110.661352,0.879985],[110.658991,0.883155],[110.656463,0.881907],[110.655889,0.883829],[110.653765,0.884503],[110.654035,0.892595],[110.649213,0.892932],[110.648236,0.896068],[110.651843,0.901294],[110.651709,0.905711],[110.646247,0.907565],[110.640919,0.907194],[110.637784,0.909318],[110.635727,0.908003],[110.633232,0.90888],[110.631243,0.907666],[110.630569,0.903013],[110.634446,0.899743],[110.633805,0.894854],[110.636502,0.888988],[110.63276,0.883727],[110.634615,0.880457],[110.628208,0.872061],[110.619745,0.866128],[110.612159,0.869061],[110.609394,0.866903],[110.601842,0.868892],[110.596919,0.858339],[110.589232,0.860194],[110.585557,0.8578],[110.579724,0.858609],[110.575779,0.853821],[110.572172,0.856586],[110.569913,0.856418],[110.568227,0.860767],[110.560809,0.861104],[110.55319,0.859485],[110.546547,0.863565],[110.545367,0.868589],[110.542704,0.867577],[110.539332,0.869061],[110.534308,0.867712],[110.528441,0.871387],[110.520552,0.87014],[110.511685,0.874523],[110.50575,0.873377],[110.490642,0.876374],[110.48965,0.880122],[110.480917,0.883827],[110.479021,0.892029],[110.467533,0.892515],[110.463189,0.904466],[110.456222,0.906538],[110.452561,0.909295],[110.44599,0.90795],[110.438339,0.917013],[110.438338,0.922238],[110.433068,0.925766],[110.433112,0.929625],[110.435141,0.930132],[110.440874,0.93699],[110.438625,0.939393],[110.438581,0.944024],[110.436107,0.945748],[110.432583,0.945281],[110.43137,0.947045],[110.429695,0.945082],[110.42599,0.946031],[110.423279,0.947817],[110.423279,0.949493],[110.420059,0.948236],[110.419067,0.950661],[110.413664,0.95216],[110.407998,0.950705],[110.405528,0.95269],[110.405153,0.955578],[110.408505,0.957695],[110.40813,0.963119],[110.410247,0.964905],[110.409409,0.967904],[110.404977,0.971873],[110.405903,0.976636],[110.402772,0.984728],[110.403631,0.9885],[110.397678,0.990329],[110.395363,0.996504],[110.390909,0.995886],[110.38877,0.993372],[110.384933,0.995666],[110.382133,0.994673],[110.378913,0.996261],[110.377745,0.994232],[110.374989,0.994453],[110.372342,0.99249],[110.369917,0.987551],[110.367204,0.987573],[110.359112,0.98334],[110.357546,0.989161],[110.356113,0.987022],[110.353908,0.988301],[110.3529587,0.9866769],[110.347095,0.989205],[110.343236,0.993042],[110.341516,0.998422],[110.343524,1.006607],[110.338983,1.012883],[110.336642,1.008444],[110.338357,1.003742],[110.335976,1.002551],[110.333231,1.006123],[110.331415,1.005861],[110.331233,1.004287],[110.328569,1.002813],[110.329195,0.999524],[110.324291,0.993429],[110.317752,1.001662],[110.313392,1.001723],[110.31204,1.002994],[110.309316,1.000673],[110.307843,1.004145],[110.305179,1.003378],[110.305643,0.998777],[110.30312,0.998756],[110.300961,0.995749],[110.296016,0.997344],[110.287903,0.994801],[110.280719,0.994458],[110.277288,0.995971],[110.276521,0.998514],[110.281597,1.009747],[110.280524,1.013728],[110.282826,1.015532],[110.283292,1.017895],[110.276559,1.031284],[110.282997,1.038607],[110.286355,1.040224],[110.286464,1.044174],[110.279871,1.051965],[110.275455,1.05142],[110.270137,1.053239],[110.267804,1.050627],[110.262579,1.056443],[110.261382,1.061575],[110.26768,1.066223],[110.26443,1.068012],[110.263714,1.07434],[110.252131,1.079348],[110.248414,1.086189],[110.248368,1.097712],[110.246626,1.102205],[110.248678,1.107866],[110.245226,1.110789],[110.245211,1.112858],[110.241385,1.117429],[110.231869,1.120337],[110.224436,1.114723],[110.217439,1.114676],[110.209244,1.118425],[110.207906,1.130537],[110.205621,1.132994],[110.206134,1.137255],[110.212105,1.14024],[110.213427,1.146273],[110.212602,1.150161],[110.206398,1.157158],[110.206896,1.164156],[110.202993,1.165229],[110.200132,1.168012],[110.197722,1.173237],[110.19525,1.174808],[110.192202,1.183033],[110.183618,1.182613],[110.177025,1.185242],[110.170759,1.189471],[110.167587,1.194105],[110.1609,1.198195],[110.155489,1.199143],[110.152814,1.197759],[110.145195,1.200558],[110.140359,1.199983],[110.125711,1.193779],[110.121419,1.196173],[110.115355,1.19566],[110.107222,1.198366],[110.103833,1.196655],[110.097068,1.197666],[110.094735,1.20031],[110.094829,1.203186],[110.092652,1.206607],[110.090646,1.20639],[110.085826,1.216854],[110.07746,1.212593],[110.063714,1.208644],[110.062781,1.21292],[110.058194,1.220757],[110.06177,1.224784],[110.067477,1.225453],[110.069001,1.228532],[110.067197,1.232575],[110.06883,1.240132],[110.064818,1.251499],[110.066606,1.255013],[110.061008,1.260144],[110.06516,1.263472],[110.064896,1.264529],[110.060931,1.264514],[110.057976,1.269941],[110.053482,1.268013],[110.050668,1.264825],[110.046376,1.265276],[110.047309,1.268464],[110.04636,1.272382],[110.044246,1.272398],[110.042551,1.274808],[110.037264,1.275927],[110.023953,1.284107],[110.020004,1.285148],[110.015199,1.292131],[109.999447,1.297122],[109.992605,1.294074],[109.984208,1.297542],[109.980974,1.296765],[109.979186,1.298646],[109.968752,1.340786],[109.969327,1.344004],[109.966979,1.348498],[109.967896,1.35178],[109.965828,1.35845],[109.963107,1.361311],[109.964646,1.364017],[109.964351,1.367049],[109.961987,1.371978],[109.965595,1.374746],[109.967181,1.383034],[109.970898,1.38616],[109.962999,1.393095],[109.964118,1.396034],[109.961412,1.399859],[109.962019,1.403389],[109.959453,1.40202],[109.954446,1.406094],[109.953918,1.40513],[109.946314,1.407245],[109.930421,1.425112],[109.91411,1.422935],[109.902121,1.41897],[109.89388,1.414522],[109.891936,1.417228],[109.886649,1.418706],[109.873556,1.417026],[109.856793,1.418924],[109.854508,1.421893],[109.84594,1.426107],[109.84269,1.422313],[109.839627,1.423666],[109.836066,1.422266],[109.831961,1.428704],[109.83451,1.440801],[109.832629,1.443942],[109.8321,1.451904],[109.830079,1.453397],[109.82927,1.456413],[109.831773,1.460099],[109.832193,1.464733],[109.835879,1.47002],[109.836657,1.479941],[109.83972,1.484419],[109.839284,1.486129],[109.836688,1.486503],[109.83308,1.482382],[109.831105,1.48417],[109.82784,1.482055],[109.827824,1.478261],[109.824046,1.475664],[109.823143,1.471994],[109.818245,1.472243],[109.818681,1.468402],[109.816084,1.463644],[109.812446,1.46212],[109.80988,1.465634],[109.806848,1.465806],[109.800643,1.470782],[109.798108,1.476675],[109.796818,1.484901],[109.803255,1.486378],[109.801763,1.492365],[109.798435,1.494899],[109.798879,1.499455],[109.793747,1.502565],[109.784915,1.502534],[109.782489,1.503778],[109.779099,1.512548],[109.774838,1.518177],[109.770049,1.520479],[109.768867,1.523931],[109.755743,1.529622],[109.754841,1.533416],[109.750582,1.535449],[109.749936,1.539014],[109.739574,1.551919],[109.735204,1.552805],[109.732909,1.557737],[109.72963,1.559425],[109.726435,1.563732],[109.723134,1.562978],[109.720715,1.567559],[109.717564,1.569337],[109.717786,1.571521],[109.714958,1.573479],[109.712442,1.57989],[109.706726,1.587205],[109.701239,1.585019],[109.699627,1.588044],[109.69767,1.588447],[109.694061,1.594229],[109.695355,1.598349],[109.688962,1.607223],[109.689426,1.610458],[109.681976,1.612773],[109.674717,1.611604],[109.669717,1.615095],[109.666606,1.614606],[109.666583,1.615914],[109.662244,1.618805],[109.660275,1.63265],[109.658299,1.637493],[109.66746,1.652458],[109.66031,1.674608],[109.664488,1.683088],[109.660624,1.693052],[109.665222,1.697511],[109.669733,1.699206],[109.66816,1.704224],[109.668999,1.708717],[109.667268,1.712179],[109.667023,1.71779],[109.668387,1.720692],[109.667653,1.733193],[109.670328,1.735553],[109.671901,1.742126],[109.677845,1.747965],[109.679122,1.751129],[109.680765,1.759416],[109.684943,1.768385],[109.683615,1.775133],[109.685503,1.782126],[109.682706,1.786147],[109.673737,1.787843],[109.668387,1.793559],[109.659908,1.798349],[109.648981,1.795902],[109.641954,1.79737],[109.638597,1.799906],[109.636342,1.80543],[109.632513,1.801339],[109.628894,1.799731],[109.62281,1.803175],[109.617915,1.798595],[109.612006,1.796042],[109.602513,1.795693],[109.600048,1.797948],[109.596079,1.797021],[109.593352,1.793927],[109.587775,1.791934],[109.585432,1.792406],[109.581254,1.798262],[109.579226,1.804433],[109.580555,1.808402],[109.584925,1.809836],[109.586289,1.812388],[109.584943,1.814486],[109.585957,1.819259],[109.584348,1.825657],[109.581569,1.830308],[109.58253,1.834766],[109.579226,1.836987],[109.575834,1.8437],[109.571534,1.842353],[109.563911,1.843193],[109.561149,1.8487],[109.555415,1.850518],[109.553422,1.853472],[109.554663,1.855325],[109.551621,1.859276],[109.551849,1.861777],[109.557775,1.871462],[109.554156,1.872826],[109.548003,1.880571],[109.548912,1.88363],[109.546534,1.885885],[109.544226,1.891811],[109.547373,1.895378],[109.547023,1.899468],[109.545747,1.904468],[109.538912,1.911812],[109.538038,1.924521],[109.538265,1.927021],[109.540275,1.926549],[109.54503,1.928595],[109.54788,1.927126],[109.552058,1.930063],[109.556097,1.928822],[109.555432,1.930238],[109.557443,1.933822],[109.564366,1.936602],[109.562075,1.940448],[109.565939,1.943106],[109.566796,1.945536],[109.563736,1.948071],[109.564715,1.95134],[109.560625,1.955011],[109.555869,1.954521],[109.551831,1.956479],[109.554663,1.962493],[109.553404,1.965693],[109.558072,1.966584],[109.560275,1.971165],[109.565834,1.972441],[109.576359,1.977843],[109.58531,1.977266],[109.593037,1.979102],[109.597635,1.978613],[109.598684,1.97384],[109.600188,1.973718],[109.60718,1.979924],[109.61344,1.982634],[109.620415,1.983211],[109.622199,1.984976],[109.621954,1.988787],[109.623702,1.991654],[109.627076,1.990885],[109.626482,1.996602],[109.63038,2.004434],[109.629523,2.01391],[109.637985,2.027511],[109.632775,2.031795],[109.63031,2.036252],[109.630502,2.047476],[109.638964,2.064277],[109.640957,2.071252],[109.643876,2.074154],[109.645008,2.0814049],[109.6351668,2.0761438],[109.6313903,2.0689388],[109.6277854,2.0684241],[109.6253821,2.06465],[109.6256944,2.0586847],[109.6216056,2.054357],[109.6044395,2.0251931],[109.6022079,2.014042],[109.5992896,2.0123264],[109.5968188,2.0073574],[109.5985504,2.0049813],[109.5943309,2.0014938],[109.5912215,1.9936268],[109.5872733,1.9908819],[109.5733248,1.9884401],[109.5372631,1.9897225],[109.4706721,1.9808074],[109.4520418,1.9743594],[109.4520976,1.9706966],[109.446955,1.9635699],[109.4363119,1.9531047],[109.4313137,1.9504267],[109.3781788,1.9454187],[109.3460344,1.9447828],[109.3375694,1.9428651],[109.3347842,1.9352649],[109.3228366,1.9269183],[109.3237163,1.9213596],[109.3442299,1.8749121],[109.3377668,1.8621086],[109.3376123,1.8324224],[109.3357699,1.8275427],[109.28741,1.7761668],[109.2890064,1.7740178],[109.3029882,1.7732199],[109.2976324,1.7611064],[109.2914297,1.7540818],[109.2851097,1.7400405],[109.2863585,1.7342882],[109.285011,1.7241047],[109.2808782,1.7199396],[109.2707202,1.715577],[109.2680551,1.695257],[109.2603733,1.6727944],[109.2488376,1.6566497],[109.2388984,1.6465088],[109.2207839,1.6330088],[109.1931812,1.6170898],[109.150819,1.5987202],[109.1354773,1.5906729],[109.1042557,1.5671496],[109.0596685,1.5242771],[109.0490255,1.504543],[109.044734,1.4925308],[109.0395841,1.4678198],[109.0370092,1.4453394],[109.0370092,1.4240601],[109.0407858,1.403467],[109.042159,1.4015793],[109.0450773,1.3797847],[109.045249,1.355759],[109.0435323,1.346835],[109.0327177,1.3238387],[109.0239629,1.3119972],[109.0035352,1.2881424],[108.9923772,1.277502],[108.9867124,1.2745845],[108.9875707,1.2711521],[108.9901456,1.2685779],[108.9875707,1.2560496],[108.9642248,1.2182929],[108.9619932,1.2140023],[108.9619932,1.2083388],[108.9602766,1.2050779],[108.9638815,1.1971833],[108.9679516,1.1972119],[108.9705707,1.2037934],[108.9771252,1.2097945],[108.9837942,1.2131442],[109.0023336,1.2146888],[109.0248212,1.2140023],[109.0519437,1.2057644],[109.0598402,1.2061077],[109.06602,1.2088537],[109.1024122,1.2349403],[109.1149435,1.2421483],[109.1372594,1.2452375],[109.141036,1.2404321],[109.1216383,1.2328808],[109.1094503,1.2256727],[109.0933141,1.211428],[109.0830145,1.2047347],[109.0663633,1.1987279],[109.0316877,1.1994144],[109.0169248,1.198213],[108.9887724,1.200959],[108.9870557,1.2002725],[108.9829359,1.1894602],[108.979331,1.1844831],[108.9714519,1.1808061],[108.9686924,1.185205],[108.9674232,1.1830426],[108.9711204,1.1760993],[108.9647753,1.169644],[108.9565,1.1664624],[108.9480886,1.1654326],[108.9254293,1.1759018],[108.9108381,1.1731558],[108.9068899,1.1688652],[108.9046896,1.1629227],[108.9057067,1.1562593],[108.923541,1.1177203],[108.9259443,1.1153175],[108.9283476,1.116004],[108.9327813,1.1205372],[108.9348627,1.1204728],[108.9317808,1.1062211],[108.9329824,1.1015871],[108.9316091,1.0991843],[108.9329824,1.0962666],[108.9389906,1.0940354],[108.9432821,1.0878567],[108.9502227,1.0667419],[108.9566268,1.0678965],[108.9624775,1.0649358],[108.9566132,1.0652714],[108.9553801,1.0633182],[108.9647398,1.0519857],[108.9743528,1.0269273],[108.9776144,1.0142264],[108.9795026,0.9891676],[108.9755544,0.9565567],[108.9677073,0.9352352],[108.954222,0.9069284],[108.9386472,0.8849831],[108.9285192,0.8757145],[108.9111026,0.8630272],[108.906542,0.8655642],[108.8986945,0.8661969],[108.8969329,0.8690993],[108.8930169,0.870687],[108.8923194,0.8665736],[108.8906876,0.8649452],[108.8911918,0.8581653],[108.8697889,0.8368122],[108.8682117,0.8362758],[108.8650575,0.8388397],[108.8660552,0.8366728],[108.8511903,0.8249956],[108.847968,0.8245477],[108.8477856,0.8220803],[108.8406724,0.815397],[108.8430542,0.8075442],[108.8467128,0.803575],[108.8459725,0.7946173],[108.8509038,0.7896671],[108.8516802,0.7855308],[108.8615345,0.7913735],[108.8652113,0.788735],[108.872314,0.7815892],[108.8805394,0.7643651],[108.8822961,0.7548859],[108.8829558,0.7366888],[108.8770532,0.7244605],[108.8728649,0.7224107],[108.8736425,0.7176925],[108.872158,0.7123206],[108.8736955,0.7099703],[108.8727058,0.7078321],[108.8778791,0.7076741],[108.8835439,0.7032113],[108.8865969,0.7033829],[108.8866338,0.7018381],[108.8965902,0.693599],[108.9074049,0.6779789],[108.9168837,0.6603127],[108.9258203,0.6336937],[108.9288227,0.6136316],[108.9293205,0.5987408],[108.9271459,0.5629725],[108.9074552,0.5052822],[108.9092903,0.4968884],[108.9082632,0.4800635],[108.912898,0.4714808],[108.9197645,0.4690776],[108.9319524,0.4591215],[108.9408788,0.4450457],[108.9446554,0.4235887],[108.9470586,0.3873691],[108.9419088,0.3674568],[108.9319524,0.349776],[108.9268026,0.3468578],[108.924056,0.3415364],[108.9146146,0.3355283],[108.9175329,0.3267738],[108.9194212,0.3233406],[108.9276609,0.3178475],[108.9364156,0.3180192],[108.9556417,0.3114961],[108.9640531,0.314071],[108.9663316,0.3160878],[108.9666169,0.3145649],[108.9705632,0.3127288],[109.0145216,0.2969051],[109.0363226,0.2855756],[109.0922842,0.2454073],[109.1194067,0.2127919],[109.1274747,0.1921927],[109.1337081,0.1629445],[109.1328328,0.1421045],[109.137296,0.1295732],[109.1616719,0.1038241],[109.1674728,0.0859447],[109.1759198,0.0746417],[109.1886809,0.06633],[109.1830161,0.0512238],[109.1781514,0.0468326],[109.1692736,0.0278135],[109.1682694,0.0074717],[109.1594546,-0.0377954],[109.1619633,-0.0590912],[109.154606,-0.0644128],[109.1182058,-0.1080929],[109.1134058,-0.1176249],[109.1036724,-0.1216089],[109.0938657,-0.1353],[109.0770429,-0.2027627],[109.0730947,-0.2103157],[109.0604658,-0.2118962],[109.0554877,-0.2222673],[109.051562,-0.255102],[109.0561608,-0.2757304],[109.0942009,-0.3295386],[109.1029366,-0.3445791],[109.098732,-0.3503603],[109.0974377,-0.3584805],[109.1136741,-0.4366791],[109.1098788,-0.4752153],[109.1150372,-0.5166263],[109.1472639,-0.5710079],[109.1549075,-0.569832],[109.160916,-0.5732679],[109.1717307,-0.5734396],[109.1885535,-0.5689766],[109.1928451,-0.5657152],[109.1931884,-0.5617672],[109.1859786,-0.5528412],[109.1906135,-0.5516396],[109.19542,-0.5531845],[109.2021148,-0.551983],[109.217221,-0.5629688],[109.2244308,-0.5701782],[109.2256324,-0.5768726],[109.2244308,-0.585112],[109.227349,-0.5892316],[109.2431418,-0.5967843],[109.24812,-0.6029638],[109.2520682,-0.604337],[109.2596213,-0.6007323],[109.2731826,-0.5981575],[109.282624,-0.5986725],[109.2954986,-0.5921497],[109.3147246,-0.5948961],[109.3263976,-0.5888883],[109.344937,-0.5882017],[109.3504302,-0.5849403],[109.3562667,-0.5839104],[109.367768,-0.5835671],[109.3712012,-0.5852836],[109.3760077,-0.5844254],[109.3816726,-0.5904332],[109.3820159,-0.5954111],[109.3847625,-0.6019339],[109.3729178,-0.6192707],[109.3626182,-0.6168676],[109.3590133,-0.6182408],[109.3559234,-0.6211589],[109.3511168,-0.6335177],[109.3602271,-0.6527318],[109.3722312,-0.6487946],[109.3907706,-0.6577205],[109.4070785,-0.6731689],[109.4086234,-0.6728256],[109.4226996,-0.6812365],[109.4292228,-0.6870725],[109.4340293,-0.6954833],[109.4391791,-0.6984014],[109.4431273,-0.6966849],[109.4573752,-0.7066405],[109.4522254,-0.7073271],[109.4589202,-0.7189991],[109.4695632,-0.7159095],[109.4695632,-0.7174543],[109.4642417,-0.7207156],[109.4597785,-0.7212306],[109.4489638,-0.7100734],[109.4463889,-0.7080137],[109.4451873,-0.7087003],[109.4541137,-0.7268949],[109.4587485,-0.7303279],[109.4676749,-0.7329026],[109.519345,-0.7274099],[109.5280997,-0.7282681],[109.5385711,-0.7317011],[109.5361678,-0.7390819],[109.5080153,-0.7399401],[109.5035522,-0.7413133],[109.5044105,-0.7452612],[109.4963424,-0.7466344],[109.4889609,-0.749724],[109.4771163,-0.7509255],[109.4693915,-0.7543585],[109.4532554,-0.7478359],[109.4455306,-0.7430298],[109.423043,-0.7231187],[109.3976371,-0.7081853],[109.3763511,-0.7105884],[109.3698279,-0.7136781],[109.3626182,-0.7147079],[109.3193595,-0.7052673],[109.3059699,-0.7002895],[109.2925803,-0.6915354],[109.2855422,-0.685871],[109.2687194,-0.6671612],[109.2630546,-0.6633849],[109.2506949,-0.6609818],[109.2479484,-0.6616684],[109.2458884,-0.6640715],[109.2438285,-0.6709375],[109.2419402,-0.6899906],[109.2422835,-0.7591646],[109.238507,-0.7945236],[109.2410819,-0.8185538],[109.2464034,-0.8326285],[109.2565314,-0.8485913],[109.2833106,-0.8834346],[109.3042533,-0.9009419],[109.3068282,-0.9062628],[109.3269126,-0.9153597],[109.3509452,-0.9146731],[109.3602149,-0.9177626],[109.3739478,-0.9263446],[109.3972938,-0.9330385],[109.4041602,-0.9337251],[109.4060485,-0.9328669],[109.4099967,-0.9254864],[109.4142882,-0.9222253],[109.4187514,-0.9160462],[109.41034,-0.9064344],[109.4046752,-0.9055762],[109.4029586,-0.9031733],[109.4033019,-0.8963077],[109.4041602,-0.8959644],[109.4046752,-0.898539],[109.4038169,-0.9030016],[109.4048469,-0.9048897],[109.4105117,-0.9059195],[109.4180648,-0.9131284],[109.4206397,-0.9133],[109.4283645,-0.9014569],[109.4283645,-0.898539],[109.4324843,-0.8963077],[109.4249312,-0.8844644],[109.4240729,-0.8763973],[109.4216697,-0.8733078],[109.4156615,-0.871763],[109.4101684,-0.8731361],[109.4063918,-0.8698749],[109.4093101,-0.8721063],[109.4120566,-0.8721063],[109.4149749,-0.8702182],[109.4177215,-0.864554],[109.422013,-0.8628376],[109.4348876,-0.8532257],[109.4391791,-0.8532257],[109.4477622,-0.848763],[109.4395225,-0.8549421],[109.4393508,-0.8568302],[109.4553531,-0.865504],[109.4779535,-0.8687196],[109.48334,-0.8712176],[109.4932568,-0.8728382],[109.4976215,-0.8756476],[109.4995375,-0.8743255],[109.5040357,-0.8744864],[109.5153968,-0.8777704],[109.5268981,-0.8791436],[109.5344512,-0.8853227],[109.5378844,-0.8860092],[109.5440642,-0.8830913],[109.5529906,-0.8846361],[109.5638053,-0.898539],[109.57256,-0.9021434],[109.5759933,-0.898539],[109.5833747,-0.8978524],[109.5897262,-0.9026583],[109.5969359,-0.915703],[109.6008842,-0.9338967],[109.6075789,-0.9416204],[109.6096389,-0.9462547],[109.6094198,-0.9654172],[109.6127149,-0.9724951],[109.6180649,-0.9770425],[109.6225378,-0.9782827],[109.6262023,-0.9748668],[109.6269404,-0.9674638],[109.628439,-0.9674215],[109.6307067,-0.9743617],[109.6398513,-0.9768061],[109.6428471,-0.9809419],[109.6479504,-0.9963549],[109.6508376,-0.9989471],[109.6539275,-1.0006635],[109.6607239,-1.000793],[109.6643435,-1.0003844],[109.6685287,-0.9971931],[109.6771018,-1.0049543],[109.68208,-1.0133644],[109.6848266,-1.0130212],[109.6912308,-0.9946915],[109.6975571,-0.9876768],[109.7210214,-0.9741726],[109.7229377,-0.9665023],[109.7339217,-0.9670228],[109.7324257,-0.9880275],[109.7429094,-0.9931265],[109.747483,-0.9896788],[109.7572677,-0.9903653],[109.7649924,-0.9962009],[109.7685973,-1.0023798],[109.7694556,-1.0155957],[109.767739,-1.0291548],[109.7689406,-1.0351619],[109.7747771,-1.0423705],[109.778382,-1.0440869],[109.7861068,-1.0421989],[109.7907416,-1.0427138],[109.8000114,-1.0458032],[109.8041312,-1.048721],[109.8034446,-1.0528401],[109.8147742,-1.0713764],[109.8199241,-1.082704],[109.8204391,-1.0880246],[109.8190658,-1.0907707],[109.8255889,-1.0943749],[109.8285071,-1.092487],[109.8293654,-1.0893976],[109.8430984,-1.0888827],[109.8667876,-1.0940316],[109.8827521,-1.0995238],[109.9287574,-1.1199477],[109.9407737,-1.123037],[109.9447219,-1.1262979],[109.9390571,-1.1371105],[109.9359672,-1.1486095],[109.9230926,-1.1764129],[109.920346,-1.1867104],[109.9112479,-1.1942619],[109.9110763,-1.2018133],[109.9088447,-1.2038728],[109.9059264,-1.2040444],[109.9085013,-1.2098796],[109.9110763,-1.2086783],[109.9133079,-1.2129688],[109.9126212,-1.217431],[109.9155395,-1.2176027],[109.9165965,-1.2208864],[109.9183461,-1.2187564],[109.9220626,-1.2181175],[109.9253754,-1.2137866],[109.9340789,-1.2184608],[109.9354848,-1.2204052],[109.9327953,-1.2243017],[109.9346151,-1.2275864],[109.9333348,-1.2334311],[109.9366041,-1.2326904],[109.9394224,-1.2357013],[109.9425065,-1.2317243],[109.9455503,-1.2338819],[109.9483445,-1.2394126],[109.9482157,-1.2439129],[109.9448497,-1.2500232],[109.9420717,-1.2494838],[109.9388346,-1.2520036],[109.9407994,-1.2530099],[109.9411376,-1.2552238],[109.9502477,-1.2585041],[109.9483902,-1.2620726],[109.9507785,-1.2650673],[109.9512764,-1.2622866],[109.953097,-1.26184],[109.9609152,-1.2648437],[109.9601883,-1.2723704],[109.9619316,-1.27716],[109.9642994,-1.2784888],[109.9687112,-1.2770148],[109.9701743,-1.2781091],[109.9714699,-1.2756972],[109.9753902,-1.2752952],[109.9851324,-1.2778002],[109.987761,-1.2741479],[109.9919715,-1.2751846],[109.9931495,-1.27395],[110.0173114,-1.2869426],[110.0288629,-1.2979517],[110.0324869,-1.3041143],[110.0321244,-1.3115094],[110.034871,-1.3096217],[110.0372527,-1.309951],[110.0471503,-1.3217869],[110.0616502,-1.3465189],[110.065575,-1.3604484],[110.0679611,-1.3630939],[110.0671648,-1.3651017],[110.072484,-1.3809612],[110.0743973,-1.4051784],[110.0708697,-1.4218229],[110.0641856,-1.4300177],[110.0571282,-1.4348131],[110.0603865,-1.4416409],[110.0647401,-1.4575506],[110.0633668,-1.4613259],[110.0599742,-1.4637737],[110.0575303,-1.4752259],[110.0492906,-1.4858654],[110.0427674,-1.4978776],[110.0355576,-1.5246474],[110.035901,-1.5346003],[110.0415658,-1.5642868],[110.0420808,-1.5828193],[110.0389909,-1.6022095],[110.036416,-1.6471667],[110.0322961,-1.6674143],[110.0259446,-1.6845731],[110.0171899,-1.7017317],[110.0031136,-1.7113405],[109.9959039,-1.7199197],[109.9838876,-1.7403381],[109.9723863,-1.7520056],[109.9538468,-1.7628152],[109.9433755,-1.7623005],[109.931017,-1.7573267],[109.9449204,-1.7719089],[109.9409722,-1.7772279],[109.9126481,-1.7719089],[109.9099015,-1.7701931],[109.9121331,-1.7775711],[109.9079906,-1.8010749],[109.9088716,-1.8048519],[109.9145364,-1.8115433],[109.9120155,-1.8265978],[109.9102813,-1.8283303],[109.90561,-1.8247546],[109.901182,-1.8264795],[109.9013332,-1.8281518],[109.9216872,-1.8558289],[109.9378823,-1.8618143],[109.9607133,-1.8729663],[109.9780511,-1.8851477],[109.9947022,-1.8992163],[110.0138946,-1.9087205],[110.0340127,-1.9136279],[110.0480889,-1.9198042],[110.0645684,-1.9292403],[110.076928,-1.9415928],[110.0923776,-1.9633812],[110.1004457,-1.9815665],[110.1066255,-2.0052414],[110.1089033,-2.0256514],[110.1182984,-2.0323471],[110.1124042,-2.0409252],[110.1124531,-2.046586],[110.1172685,-2.0544773],[110.1196717,-2.0678583],[110.1203584,-2.0879294],[110.1102303,-2.1500284],[110.1025056,-2.1663246],[110.0923776,-2.1762738],[110.0850128,-2.1811641],[110.0859362,-2.1862393],[110.0843095,-2.1875953],[110.087087,-2.1925642],[110.0913476,-2.193256],[110.0937509,-2.1970297],[110.0951241,-2.2033765],[110.0925492,-2.2229313],[110.0889443,-2.2325371],[110.0851678,-2.2380261],[110.0772345,-2.2417791],[110.071289,-2.2377699],[110.0686883,-2.2385407],[110.0631951,-2.2454019],[110.0638818,-2.2486609],[110.0697183,-2.2466026],[110.0786439,-2.2466824],[110.0793877,-2.2438446],[110.0851045,-2.2439038],[110.0865876,-2.2407419],[110.0944331,-2.243839],[110.1136763,-2.2616807],[110.121703,-2.2730698],[110.1260322,-2.2839208],[110.1316821,-2.2909593],[110.1377723,-2.3026166],[110.1456969,-2.3278373],[110.1457703,-2.3423537],[110.1436747,-2.3545707],[110.1466426,-2.361027],[110.1496856,-2.3747653],[110.1507,-2.3947344],[110.1540659,-2.4125872],[110.153302,-2.4182656],[110.1519195,-2.4191064],[110.1522802,-2.4227398],[110.1491244,-2.4282048],[110.1528212,-2.4297963],[110.1544141,-2.4328291],[110.1603349,-2.4340903],[110.1649032,-2.4373032],[110.1731682,-2.4467619],[110.1737693,-2.4503351],[110.1746409,-2.4493742],[110.1764742,-2.450185],[110.1765644,-2.4517764],[110.1807721,-2.4544488],[110.1830562,-2.4614151],[110.1842584,-2.4818033],[110.1863021,-2.4910514],[110.1853103,-2.4979274],[110.1896082,-2.4999692],[110.1942666,-2.5094574],[110.1962202,-2.5173242],[110.1999431,-2.5191077],[110.1998257,-2.5250307],[110.1970668,-2.5252066],[110.1961276,-2.5272592],[110.1916076,-2.54667],[110.1922533,-2.5649078],[110.1863246,-2.5816792],[110.1852092,-2.5888334],[110.1823916,-2.5913549],[110.1789283,-2.5912377],[110.1768151,-2.5931142],[110.1764042,-2.5958116],[110.1738213,-2.5970431],[110.1758171,-2.5985091],[110.1742322,-2.5992714],[110.1745257,-2.6025553],[110.1700058,-2.6019689],[110.1698297,-2.5992714],[110.1627856,-2.6026139],[110.1629617,-2.6063082],[110.1613474,-2.6087271],[110.1562111,-2.6120989],[110.1575319,-2.6144445],[110.1534229,-2.6134916],[110.1551839,-2.6154707],[110.1516618,-2.6184759],[110.1511482,-2.6171566],[110.1488736,-2.6214812],[110.1521755,-2.6224341],[110.1507079,-2.62412],[110.1512216,-2.6258791],[110.1582657,-2.6283713],[110.1597332,-2.6315231],[110.1588527,-2.634675],[110.163989,-2.6338687],[110.1647961,-2.6310833],[110.1664104,-2.6308634],[110.1673643,-2.6323294],[110.1706662,-2.6305702],[110.1741882,-2.6306435],[110.1794713,-2.6337954],[110.1895971,-2.6338687],[110.2109728,-2.6445176],[110.2159256,-2.6508395],[110.2184938,-2.6584441],[110.21776,-2.6696218],[110.2190441,-2.6738363],[110.2208785,-2.6744777],[110.2228046,-2.6831815],[110.2296836,-2.6878541],[110.2334441,-2.6930763],[110.2340862,-2.7002226],[110.2283995,-2.7117664],[110.2318849,-2.7147897],[110.2320683,-2.7204699],[110.2299588,-2.727616],[110.2214288,-2.7339375],[110.2197779,-2.7381518],[110.2249142,-2.7391595],[110.2268403,-2.7427325],[110.2382135,-2.7473132],[110.2454594,-2.7540011],[110.2564658,-2.7585818],[110.2594008,-2.7622463],[110.2641702,-2.779103],[110.2652709,-2.7908293],[110.2638951,-2.8079604],[110.2605932,-2.8237171],[110.2545397,-2.8436876],[110.2447256,-2.8622836],[110.2375715,-2.8728182],[110.2244556,-2.8863756],[110.2287664,-2.8942534],[110.2284913,-2.8999328],[110.2423409,-2.9070777],[110.2515129,-2.9298863],[110.2549065,-2.9418858],[110.2570161,-2.9575491],[110.2609327,-2.963496],[110.281075,-2.9698179],[110.2989851,-2.9832607],[110.3014374,-2.9868231],[110.301002,-2.9897678],[110.3056167,-2.9963805],[110.3070525,-2.9903875],[110.3200844,-2.9762888],[110.3752686,-2.9257444],[110.468803,-2.8707946],[110.5531673,-2.8396552],[110.5715911,-2.8382972],[110.5954915,-2.8532749],[110.6037233,-2.8609536],[110.6162936,-2.8764839],[110.6333207,-2.9300551],[110.6348162,-2.9605672],[110.6390893,-2.9904383],[110.6324661,-2.9929987],[110.6220637,-2.9901243],[110.6138594,-2.9856453],[110.610486,-2.9870414],[110.6107965,-2.9921998],[110.6335497,-3.0188544],[110.6444888,-3.0357863],[110.6515991,-3.0419035],[110.6576082,-3.0415041],[110.6740242,-3.0334923],[110.6888838,-3.0191529],[110.7268504,-3.0035813],[110.73136565951526,-2.997005049163093],[110.7320623,-2.9883735],[110.7392072,-2.9762131],[110.7486115,-2.9520359],[110.7593536,-2.9386542],[110.7739181,-2.926028],[110.8011704,-2.9113193],[110.8112947,-2.9094107],[110.8229371,-2.9097247],[110.8310699,-2.9066067],[110.8382414,-2.8989422],[110.8409882,-2.8978002],[110.8526458,-2.89853],[110.8603822,-2.8914438],[110.8781204,-2.8842208],[110.8877562,-2.8742666],[110.8929672,-2.8715403],[110.9025652,-2.8712144],[110.9125213,-2.8680403],[110.9266204,-2.8704312],[110.9342347,-2.8675938],[110.9513246,-2.864892],[110.9690629,-2.8562317],[110.9780348,-2.8422098],[110.9883424,-2.836287],[110.9976883,-2.8273094],[111.0065231,-2.8006129],[111.0117035,-2.7946319],[111.0235824,-2.7915101],[111.0511933,-2.7898014],[111.0647812,-2.7856564],[111.0800704,-2.7774234],[111.1000594,-2.7708221],[111.1233902,-2.7567589],[111.136406,-2.7506525],[111.1382647,-2.7473158],[111.1466326,-2.7423169],[111.1556178,-2.7268437],[111.1574201,-2.7194078],[111.1706275,-2.7062621],[111.172676,-2.6902797],[111.1713408,-2.6825964],[111.1654814,-2.6726846],[111.1600494,-2.6713068],[111.1446839,-2.672425],[111.1363906,-2.6708331],[111.1288835,-2.666537],[111.1193086,-2.6531302],[111.1190566,-2.6475072],[111.1207579,-2.6432023],[111.1286772,-2.6354375],[111.1344224,-2.6249356],[111.1370087,-2.611788],[111.135132,-2.596005],[111.1167983,-2.5422766],[111.1149979,-2.515708],[111.1061632,-2.4847888],[111.1066819,-2.449548],[111.1038743,-2.4247162],[111.0967103,-2.4003408],[111.0943145,-2.3815837],[111.0902022,-2.3635609],[111.080475,-2.3395315],[111.070877,-2.301507],[111.0649032,-2.2919931],[111.0592116,-2.2787995],[111.0521696,-2.2747924],[111.0454103,-2.2681],[111.0349044,-2.2506621],[111.0324859,-2.2441279],[111.0352554,-2.2331591],[111.0413286,-2.2229371],[111.0652618,-2.2010352],[111.0665588,-2.1940906],[111.064415,-2.1847449],[111.0738222,-2.1782443],[111.0796434,-2.1585572],[111.0784302,-2.1535046],[111.0718843,-2.143476],[111.068199,-2.1316636],[111.0622788,-2.1201878],[111.0610505,-2.1114741],[111.0585402,-2.1096954],[111.0521927,-2.1095391],[111.0505601,-2.0971367],[111.0379943,-2.0792489],[111.0378114,-2.0740325],[111.0427092,-2.0705199],[111.0494002,-2.0724752],[111.0525361,-2.0717218],[111.0560152,-2.0676951],[111.058609,-2.0581639],[111.0611725,-2.0561542],[111.0814895,-2.0493448],[111.0814132,-2.0421755],[111.0765913,-2.0333476],[111.0759354,-2.0264051],[111.079422,-2.0081487],[111.08461,-2.0002692],[111.0852432,-1.9946904],[111.0824968,-1.9896304],[111.0760423,-1.9867618],[111.0493775,-1.9868153],[111.0295638,-1.983065],[111.0211106,-1.9847911],[111.0093538,-1.9903626],[111.0041579,-1.9908831],[110.999344,-1.989143],[110.9919434,-1.9822522],[110.9811172,-1.9770285],[110.9783552,-1.9727459],[110.974617,-1.9551838],[110.9755937,-1.9430682],[110.9785997,-1.9390965],[110.9909135,-1.9316168],[110.9934083,-1.9266691],[110.9968186,-1.9101757],[110.9959794,-1.9020309],[110.9928665,-1.8961937],[110.9802017,-1.8886121],[110.9760131,-1.8830744],[110.9749986,-1.8620016],[110.9815369,-1.8294761],[110.9908447,-1.8138085],[111.0039977,-1.8053426],[111.0054092,-1.8031714],[111.0137177,-1.7798113],[111.0124512,-1.7564155],[111.0164414,-1.7460058],[111.0161056,-1.7425525],[111.0062178,-1.7273831],[111.0051346,-1.7208207],[111.0066606,-1.7054681],[111.0055237,-1.6990867],[111.0004121,-1.6896443],[110.9876785,-1.6724164],[110.9819563,-1.6680011],[110.9773253,-1.667843],[110.9677964,-1.6717037],[110.9589462,-1.6779235],[110.9539872,-1.6862457],[110.951149,-1.6989505],[110.9385374,-1.7130845],[110.9321975,-1.7159114],[110.9190596,-1.7188083],[110.9141464,-1.7182978],[110.9008256,-1.7102378],[110.8963087,-1.7057038],[110.8925705,-1.6904379],[110.887474,-1.6824691],[110.8799896,-1.6797281],[110.8645628,-1.6813075],[110.8601532,-1.6763756],[110.857689,-1.6685218],[110.8597871,-1.649218],[110.8556518,-1.6359775],[110.8583298,-1.6305686],[110.8647767,-1.6254543],[110.8833923,-1.6173265],[110.8902434,-1.6091651],[110.8914872,-1.6044537],[110.897995,-1.5955964],[110.9088364,-1.5860479],[110.9203718,-1.583044],[110.9280852,-1.5832624],[110.952301,-1.578447],[110.9714659,-1.5530962],[110.9790497,-1.5405766],[110.9839554,-1.5376967],[110.9899598,-1.5393452],[110.9939652,-1.5426682],[110.9997252,-1.5557896],[111.0138628,-1.5631075],[111.0182494,-1.5621358],[111.0226439,-1.5536875],[111.03714,-1.5412153],[111.0418855,-1.5399449],[111.0472488,-1.5417297],[111.0506746,-1.5412652],[111.0587767,-1.53633],[111.0645371,-1.5367945],[111.0680237,-1.5397834],[111.0696257,-1.5532977],[111.0735702,-1.5601375],[111.0776825,-1.562954],[111.0830461,-1.5623792],[111.0908585,-1.5559346],[111.0964583,-1.5540486],[111.1051332,-1.5525573],[111.1188964,-1.5527788],[111.1238633,-1.5481813],[111.1235123,-1.5447371],[111.1197967,-1.5389276],[111.1233902,-1.5319177],[111.1172789,-1.5180012],[111.1079635,-1.5041963],[111.1060793,-1.4970109],[111.1067125,-1.4927069],[111.1092149,-1.4898838],[111.1159516,-1.4871829],[111.125885,-1.487815],[111.1323928,-1.4861452],[111.1407775,-1.4768883],[111.1471711,-1.4730488],[111.1580125,-1.4712662],[111.1681138,-1.4770693],[111.1724089,-1.49398],[111.1721879,-1.5013302],[111.1746978,-1.5081173],[111.1852037,-1.5172108],[111.1917647,-1.5143295],[111.1931305,-1.506969],[111.1883926,-1.4949044],[111.1922608,-1.4689632],[111.1832885,-1.4395267],[111.185051,-1.4321659],[111.1892699,-1.431131],[111.1946411,-1.4326807],[111.2066345,-1.4414293],[111.2094954,-1.4389673],[111.2084579,-1.4284361],[111.2107237,-1.4159668],[111.2147215,-1.4102672],[111.2200927,-1.4086618],[111.232872,-1.4149233],[111.2474365,-1.4194111],[111.2609635,-1.4210794],[111.2740402,-1.4268976],[111.2786561,-1.4253382],[111.2798614,-1.4191893],[111.2754517,-1.4057321],[111.2772827,-1.4034883],[111.2896652,-1.402807],[111.296997,-1.3992016],[111.3015899,-1.3908436],[111.3142547,-1.3753806],[111.3216019,-1.3553755],[111.3226852,-1.3453032],[111.3273544,-1.3362761],[111.3387145,-1.3257145],[111.3490447,-1.327666],[111.3541261,-1.3252472],[111.3609697,-1.3190927],[111.3695298,-1.3058127],[111.3735582,-1.2837949],[111.378586,-1.2775338],[111.3822936,-1.2754056],[111.3895415,-1.2743136],[111.3969038,-1.2784468],[111.4004974,-1.2771233],[111.4031297,-1.2712624],[111.402031,-1.2618341],[111.4031142,-1.2521235],[111.4050445,-1.2452235],[111.4089278,-1.2405095],[111.4151537,-1.2379178],[111.4297027,-1.2383193],[111.4563521,-1.2306175],[111.4771882,-1.2330288],[111.4852907,-1.2321709],[111.4915543,-1.2283134],[111.4959334,-1.2197929],[111.5093002,-1.2183061],[111.5177537,-1.2158296],[111.5349426,-1.2159572],[111.5469893,-1.2095807],[111.5603561,-1.2110322],[111.5648042,-1.2086773],[111.5734331,-1.1998179],[111.5752028,-1.192864],[111.5736617,-1.1869348],[111.571205,-1.1841799],[111.5598373,-1.1788843],[111.555725,-1.1683561],[111.5569228,-1.16237],[111.5698853,-1.1492663],[111.5713732,-1.1458113],[111.5709761,-1.1391488],[111.5666885,-1.1314323],[111.5569152,-1.125448],[111.5544586,-1.1215992],[111.5536651,-1.1106066],[111.565773,-1.0827856],[111.5707932,-1.0759459],[111.5940935,-1.0697392],[111.6005479,-1.0637027],[111.6069948,-1.0486437],[111.6112212,-1.0468134],[111.6191023,-1.049798],[111.621956,-1.0481859],[111.624008,-1.0440524],[111.6246413,-1.035201],[111.6142045,-1.003334],[111.6179276,-0.9933857],[111.6246262,-0.9845916],[111.6362228,-0.9797615],[111.6512453,-0.9805241],[111.6563951,-0.9789097],[111.6682283,-0.9687274],[111.6826326,-0.9650517],[111.6942368,-0.955394],[111.7177351,-0.9451639],[111.7248232,-0.9392895],[111.7270051,-0.9289992],[111.730324,-0.92434],[111.7435759,-0.9249145],[111.7523804,-0.9234864],[111.7692947,-0.9163638],[111.7751234,-0.9120456],[111.7827223,-0.9096333],[111.7910614,-0.9092905],[111.8319016,-0.9144305],[111.8538515,-0.9047173],[111.8613967,-0.8996561],[111.865288,-0.8941284],[111.868515,-0.8708276],[111.8724671,-0.8639799],[111.8788603,-0.8623192],[111.8873138,-0.8629075],[111.9057008,-0.8693534],[111.9189528,-0.8714287],[111.9197542,-0.8687247],[111.9069292,-0.8486944],[111.9019774,-0.8322906],[111.9066847,-0.8081383],[111.9062653,-0.7755022],[111.9100954,-0.7732111],[111.9144362,-0.7741922],[111.9201966,-0.7804697],[111.9249266,-0.788231],[111.9279481,-0.7972686],[111.935875,-0.8078021],[111.9541169,-0.818651],[111.9642563,-0.8162633],[111.9785994,-0.8077599],[111.9954604,-0.8009809],[112.0048294,-0.7983951],[112.0206528,-0.7977104],[112.0288849,-0.7959304],[112.0338515,-0.7907542],[112.0353545,-0.7800486],[112.019287,-0.7400056],[112.0142822,-0.7214772],[112.015953,-0.7136464],[112.0227584,-0.7032972],[112.0334396,-0.7012254],[112.0623934,-0.7034931],[112.08947,-0.7105722],[112.128975,-0.7285422],[112.1391374,-0.7296984],[112.1577606,-0.7288483],[112.1619337,-0.7259692],[112.1498489,-0.69725],[112.1463317,-0.6848226],[112.1471939,-0.6801659],[112.1500397,-0.6787798],[112.158661,-0.6843675],[112.1585771,-0.6629684],[112.1611558,-0.6545038],[112.1653213,-0.6503139],[112.1699599,-0.6404822],[112.1727676,-0.6380023],[112.1808168,-0.6373705],[112.1845932,-0.6354773],[112.1869966,-0.6320304],[112.189865,-0.622309],[112.1966017,-0.6158653],[112.2099761,-0.6143786],[112.2181931,-0.6159344],[112.2303542,-0.6230736],[112.2435378,-0.6351569],[112.2677154,-0.6701473],[112.2759706,-0.6910321],[112.2901153,-0.7149757],[112.2962724,-0.7211895],[112.3022002,-0.7328732],[112.3063124,-0.7345327],[112.3096849,-0.7327664],[112.3158647,-0.7201034],[112.3293074,-0.7042329],[112.3338089,-0.704572],[112.33786,-0.7097574],[112.3391725,-0.7138966],[112.3440858,-0.7179871],[112.3652192,-0.7127047],[112.405945,-0.697223],[112.4151077,-0.6860308],[112.4185334,-0.678605],[112.4220809,-0.6757898],[112.4331131,-0.6726328],[112.4439545,-0.6753885],[112.4488069,-0.6794792],[112.4507448,-0.6859232],[112.451126,-0.7030639],[112.4537353,-0.7180868],[112.4557344,-0.7219361],[112.4654314,-0.729828],[112.4714812,-0.7318923],[112.4751359,-0.7316175],[112.4783935,-0.7305204],[112.4829713,-0.7231568],[112.4845808,-0.7109052],[112.4844286,-0.6956628],[112.4876862,-0.6925587],[112.5176774,-0.6952594],[112.5345305,-0.6995279],[112.5397796,-0.6986548],[112.545639,-0.6888671],[112.5502013,-0.6869641],[112.5569459,-0.6869484],[112.5706558,-0.6907681],[112.5845262,-0.6908538],[112.5915451,-0.689111],[112.597191,-0.685426],[112.6002503,-0.6747278],[112.605835,-0.6652297],[112.6173629,-0.663826],[112.6274566,-0.6560411],[112.6338426,-0.6547149],[112.6412734,-0.6585408],[112.6476058,-0.6544572],[112.6524049,-0.6564505],[112.6594314,-0.6566152],[112.6744384,-0.6526045],[112.6837922,-0.652758],[112.6913224,-0.6494055],[112.6913072,-0.6384302],[112.6934129,-0.6354447],[112.700142,-0.6323281],[112.6991578,-0.6221584],[112.7022934,-0.6215224],[112.71064,-0.6262696],[112.7154388,-0.6264276],[112.7247926,-0.6235434],[112.7370683,-0.624372],[112.7431642,-0.6201621],[112.7440796,-0.6172321],[112.7417602,-0.6027061],[112.741951,-0.5827532],[112.7481001,-0.5723414],[112.7533417,-0.5685934],[112.7639617,-0.5663951],[112.7784575,-0.5656666],[112.7941589,-0.5665551],[112.8160019,-0.5771292],[112.8453217,-0.5719561],[112.8531341,-0.5671749],[112.8697661,-0.5467358],[112.8874968,-0.5349745],[112.9039841,-0.5288467],[112.9175644,-0.5293306],[112.9230346,-0.5221469],[112.9280472,-0.5205236],[112.9560088,-0.5128205],[112.9689101,-0.5128439],[112.9745635,-0.5107591],[112.9803696,-0.5065042],[112.9817812,-0.4990895],[112.98497,-0.493906],[112.9917528,-0.4875799],[112.9947203,-0.4877398],[112.9983826,-0.4924372],[113.0029524,-0.494042],[113.0221786,-0.4873329],[113.0318222,-0.4874319],[113.0435334,-0.4910185],[113.0495375,-0.4972777],[113.0539324,-0.4995607],[113.0623855,-0.4996517],[113.0857697,-0.4905247],[113.0943222,-0.4846489],[113.0989457,-0.4836047],[113.107109,-0.4865168],[113.1105881,-0.486224],[113.1131362,-0.4747218],[113.1192857,-0.4687942],[113.1283951,-0.4537235],[113.1310732,-0.4510177],[113.142929,-0.4462235],[113.1468736,-0.4465541],[113.1522444,-0.44993],[113.1552428,-0.4658927],[113.1579284,-0.4689368],[113.1639253,-0.4705311],[113.1792145,-0.4669358],[113.1863555,-0.4673808],[113.1896286,-0.4760475],[113.1927109,-0.4790821],[113.1978456,-0.4797099],[113.1966094,-0.4905057],[113.1997147,-0.5001489],[113.2084656,-0.5062789],[113.214218,-0.5059206],[113.2180405,-0.5032137],[113.2250443,-0.4933705],[113.2262345,-0.4884241],[113.225189,-0.4806231],[113.2265473,-0.4765445],[113.2411957,-0.4619113],[113.2465896,-0.4505329],[113.2627334,-0.4368566],[113.2655868,-0.4319628],[113.2666016,-0.4232285],[113.2661974,-0.4185188],[113.2594528,-0.4082915],[113.2584685,-0.4026601],[113.2629088,-0.3927653],[113.262512,-0.3882725],[113.245758,-0.3765724],[113.2370604,-0.3664645],[113.2306596,-0.3631981],[113.2267684,-0.3528053],[113.2226485,-0.3484427],[113.2088166,-0.3437372],[113.2067642,-0.3417322],[113.207962,-0.3380515],[113.2253647,-0.3299159],[113.2287368,-0.3250306],[113.2289507,-0.3150314],[113.232605,-0.3078948],[113.2356643,-0.2944936],[113.2448576,-0.2870712],[113.2577514,-0.2735337],[113.2627792,-0.2711148],[113.270256,-0.2707006],[113.2731857,-0.2688263],[113.277893,-0.259555],[113.2807464,-0.2478265],[113.2841264,-0.2423536],[113.2975159,-0.2365816],[113.3098985,-0.2363794],[113.3246077,-0.2333092],[113.3338698,-0.2256788],[113.3497544,-0.2223723],[113.3558654,-0.2193648],[113.369171,-0.2030423],[113.3739396,-0.1939247],[113.3862228,-0.1814184],[113.3876189,-0.1785693],[113.3856428,-0.1672343],[113.3865662,-0.1643855],[113.3922042,-0.1619842],[113.4037703,-0.1630758],[113.4090652,-0.1618591],[113.418495,-0.1462999],[113.4186858,-0.1409748],[113.416313,-0.1385091],[113.3994064,-0.1327126],[113.3963014,-0.1277705],[113.3968734,-0.1249312],[113.398979,-0.122904],[113.404747,-0.1220304],[113.4126205,-0.1183069],[113.4189378,-0.1122344],[113.4240646,-0.0892481],[113.4345931,-0.0777019],[113.4404906,-0.0637012],[113.4388048,-0.0582785],[113.4366606,-0.0562826],[113.4221267,-0.0520117],[113.417122,-0.0450644],[113.4191588,-0.0338159],[113.4275893,-0.0258337],[113.4287262,-0.0202636],[113.4258271,-0.0120033],[113.4371718,0.0153919],[113.4337234,0.0196286],[113.4185411,0.0308692],[113.4144972,0.0353403],[113.4100494,0.0466637],[113.4113616,0.0748175],[113.4136048,0.0898543],[113.4110412,0.1014238],[113.4156496,0.1154142],[113.4195098,0.1195857],[113.4193421,0.1253806],[113.4087602,0.1368878],[113.3990478,0.1432067],[113.3799898,0.1525359],[113.34523,0.1650499],[113.3281631,0.1772288],[113.3020937,0.2090894],[113.2733765,0.2338413],[113.2702715,0.2387835],[113.270958,0.2415145],[113.2751693,0.2456773],[113.285614,0.2516725],[113.3150407,0.2730555],[113.3434066,0.2792854],[113.3577882,0.2796341],[113.3725662,0.2742966],[113.3900298,0.2725329],[113.4041137,0.2655403],[113.4129715,0.2640664],[113.4372406,0.2661336],[113.4609451,0.2807305],[113.5051193,0.3158246],[113.5140077,0.3255882],[113.5145491,0.3315013],[113.5161821,0.3339981],[113.5426561,0.3559478],[113.5532988,0.3669065],[113.5567778,0.3749742],[113.5603944,0.3793805],[113.5713348,0.3830076],[113.5790712,0.3885029],[113.5815736,0.4008187],[113.5855483,0.4052254],[113.602234,0.4119681],[113.6204759,0.4167143],[113.6272583,0.423619],[113.6409988,0.4304583],[113.6583482,0.4432407],[113.6598664,0.4455024],[113.6592331,0.4658432],[113.6653596,0.4823213],[113.6676024,0.4965353],[113.672142,0.5044865],[113.6748352,0.5068759],[113.6887132,0.5115907],[113.6938781,0.5148143],[113.6988601,0.5254961],[113.7174224,0.5337957],[113.7316972,0.5333036],[113.7341614,0.5345084],[113.736267,0.5368882],[113.7378539,0.54518],[113.7407609,0.5506343],[113.7567978,0.5655401],[113.7599716,0.5666281],[113.7682343,0.5651446],[113.7712936,0.5658799],[113.7737578,0.5829239],[113.7761917,0.5885043],[113.7913895,0.604458],[113.8024444,0.6083293],[113.8039628,0.6108169],[113.8052293,0.6292791],[113.8112413,0.645287],[113.8230666,0.6553066],[113.8386917,0.662871],[113.8403582,0.6681938]]],[[[108.8637567,0.4839405],[108.8649583,0.4930383],[108.8627267,0.5017927],[108.8591218,0.5047108],[108.8613534,0.5141518],[108.8598084,0.5179282],[108.8575768,0.5179282],[108.8565469,0.5143234],[108.8505387,0.5151817],[108.851912,0.5086588],[108.8496804,0.506084],[108.8388658,0.5050541],[108.8386941,0.4988745],[108.8405824,0.4959564],[108.8472772,0.4944115],[108.8491654,0.4906351],[108.8525987,0.4896052],[108.8555169,0.486687],[108.8577485,0.4823956],[108.8577485,0.4775893],[108.8592935,0.4769027],[108.8637567,0.4839405]]]]}},{"type":"Feature","properties":{"province":"Kalimantan Tengah","boundary_set":"gwis_legacy_4","source_shape_iso":"ID-KT","source_shape_id":"65028918B28198720309323","source_shape_name":"Central Kalimantan","centroid":{"longitude":113.28996112975763,"latitude":-1.3743440999999998},"geometry_role":"display geometry only; not an event location or analytical exposure boundary","display_id":"gwis-id-kt"},"geometry":{"type":"MultiPolygon","coordinates":[[[[113.3664941,-3.3017241],[113.3721589,-3.3032665],[113.3798837,-3.2984679],[113.4073495,-3.2693334],[113.4021997,-3.261964],[113.3980798,-3.2511668],[113.3965349,-3.250824],[113.3738755,-3.2626495],[113.3694124,-3.2731038],[113.3652925,-3.2758459],[113.3646058,-3.2808159],[113.3668374,-3.2837294],[113.3664941,-3.3017241]]],[[[110.73136565951526,-2.997005049163093],[110.7364834,-2.9895525],[110.8007582,-2.9770285],[110.8521104,-3.0118271],[110.9163006,-3.0392988],[110.9713208,-3.0667699],[111.0593531,-3.0447931],[111.1765619,-2.9976669],[111.1983492,-2.9861499],[111.2523486,-2.9523199],[111.281268,-2.9367341],[111.343014,-2.9091501],[111.360176,-2.9081516],[111.3862404,-2.9209677],[111.3930789,-2.9186216],[111.4101478,-2.9067383],[111.4680787,-2.932401],[111.4716658,-2.9365034],[111.4891066,-2.9448516],[111.4967434,-2.9525813],[111.497311,-2.9568069],[111.5270249,-2.97886],[111.5461871,-3.0107534],[111.5481416,-3.0232929],[111.5558354,-3.0095323],[111.5738742,-3.0001356],[111.5872495,-2.9908468],[111.5990941,-2.9887897],[111.6342847,-2.9587894],[111.6687886,-2.9449033],[111.6911046,-2.9426747],[111.7070691,-2.9061584],[111.7065541,-2.9042726],[111.698486,-2.9186735],[111.6905896,-2.920045],[111.6861264,-2.9186735],[111.6818349,-2.9152447],[111.6729085,-2.904444],[111.6696469,-2.8946718],[111.6741101,-2.8855853],[111.6866159,-2.8695942],[111.7085915,-2.8506457],[111.7287656,-2.8671312],[111.7617777,-2.9074281],[111.763889,-2.9229595],[111.7691177,-2.9344877],[111.7784802,-2.9486749],[111.8035428,-2.9783326],[111.8145291,-3.0023324],[111.8165891,-3.0117608],[111.8150441,-3.0179321],[111.8183057,-3.0198177],[111.8225972,-3.0299316],[111.8246572,-3.046388],[111.824134,-3.0557815],[111.820194,-3.0719291],[111.8212239,-3.0856421],[111.8193356,-3.0981552],[111.8111487,-3.1200732],[111.8039599,-3.1583349],[111.7985391,-3.2021494],[111.8160529,-3.3033868],[111.818632,-3.3597493],[111.8129586,-3.4173964],[111.7984579,-3.460441],[111.7850147,-3.4903264],[111.7747873,-3.5072559],[111.7718578,-3.5079381],[111.767366,-3.5035197],[111.7695882,-3.5078679],[111.7781267,-3.5171962],[111.7932329,-3.5285045],[111.8435297,-3.5410119],[111.8842134,-3.5440959],[111.895543,-3.5434106],[111.9027528,-3.5406692],[111.9202623,-3.5295325],[111.9381151,-3.51],[111.9583711,-3.4923519],[112.0002565,-3.4603103],[112.0452318,-3.4284389],[112.1813592,-3.3431008],[112.2026453,-3.331619],[112.2515687,-3.3148245],[112.2611175,-3.3132553],[112.3049554,-3.3101973],[112.3368844,-3.3161954],[112.3878679,-3.3372742],[112.4194536,-3.3516692],[112.4319696,-3.3601617],[112.4513643,-3.3908733],[112.4793481,-3.4136265],[112.5399205,-3.4429859],[112.5500485,-3.4457275],[112.5617215,-3.4453848],[112.5677297,-3.4327048],[112.5739095,-3.4335615],[112.6091001,-3.4167688],[112.6424264,-3.4043732],[112.6429173,-3.399633],[112.6561593,-3.3855236],[112.6739881,-3.3691306],[112.6839444,-3.3626187],[112.6909825,-3.3617619],[112.8116845,-3.30121],[112.9181146,-3.2422547],[112.9666104,-3.2020273],[113.0417669,-3.1302854],[113.0393525,-3.1275603],[113.0363084,-3.1336395],[113.015729,-3.15303],[113.0022977,-3.1620438],[112.9920105,-3.1648737],[112.9857122,-3.1634063],[112.984072,-3.1608129],[112.968497,-3.1584802],[112.9666075,-3.1498856],[112.9501032,-3.1333758],[112.9436188,-3.1217954],[112.9424642,-3.1121401],[112.9454033,-3.1025092],[112.981742,-3.0539947],[112.9844671,-3.0460254],[112.9889414,-3.0480749],[112.9960795,-3.0463138],[112.9987667,-3.0409469],[113.0015798,-3.0430589],[113.0117981,-3.0332391],[113.0193948,-3.0182282],[113.0307245,-2.9800001],[113.033471,-2.9746858],[113.0463456,-2.9736572],[113.0482566,-2.9804625],[113.0496711,-2.982779],[113.052749,-2.9840616],[113.0539096,-2.9881822],[113.0568643,-2.9917841],[113.0562432,-3.0026076],[113.0604878,-3.0105876],[113.0833229,-3.0231699],[113.0848676,-3.0267741],[113.0920374,-3.0231528],[113.0923018,-3.0274035],[113.0938387,-3.0268852],[113.0964099,-3.0311322],[113.0994841,-3.0303532],[113.1026939,-3.0336966],[113.102312,-3.034728],[113.0966716,-3.0339661],[113.0953923,-3.0351275],[113.0900028,-3.0314023],[113.0916731,-3.0339757],[113.0910355,-3.0352653],[113.0869266,-3.0311506],[113.088985,-3.0352693],[113.0936028,-3.0375794],[113.0938621,-3.0391249],[113.1159237,-3.0488729],[113.1279838,-3.055806],[113.1326005,-3.0574711],[113.1351581,-3.0546317],[113.144142,-3.0613129],[113.1608107,-3.0657888],[113.1610696,-3.0670764],[113.1705638,-3.0724679],[113.176471,-3.0785102],[113.1795491,-3.0796638],[113.1798095,-3.0817245],[113.1900711,-3.0863412],[113.1916152,-3.0894299],[113.1979038,-3.0940545],[113.2016307,-3.098942],[113.2021493,-3.1017751],[113.209344,-3.11052],[113.2264218,-3.1267158],[113.2264284,-3.1298074],[113.2329663,-3.1305665],[113.2325923,-3.1357201],[113.2378537,-3.1388006],[113.2411863,-3.139051],[113.2406796,-3.1418862],[113.2432521,-3.1462606],[113.2417165,-3.1472945],[113.2432555,-3.1478065],[113.2441493,-3.1465162],[113.244026,-3.1485776],[113.2507006,-3.1534583],[113.2501907,-3.1547477],[113.2486522,-3.1544935],[113.2491676,-3.1557806],[113.2562268,-3.160918],[113.2585546,-3.1761538],[113.2911979,-3.211667],[113.3079011,-3.2366822],[113.3416785,-3.2794387],[113.3459179,-3.2799678],[113.3268406,-3.2509354],[113.3194589,-3.2304289],[113.3232354,-3.2311145],[113.3276355,-3.2382376],[113.3309602,-3.2405408],[113.3293577,-3.2407508],[113.330815,-3.2475626],[113.3489649,-3.2662122],[113.3572227,-3.2709942],[113.3673314,-3.2709307],[113.3675852,-3.2698997],[113.3634844,-3.2700377],[113.3624584,-3.2696542],[113.3632248,-3.2686219],[113.3611743,-3.2686268],[113.3624529,-3.2673356],[113.3611677,-3.2657929],[113.3624474,-3.2650171],[113.3611592,-3.2621862],[113.3593639,-3.2616752],[113.3644916,-3.2623068],[113.3649968,-3.2590857],[113.3632038,-3.2596053],[113.3631977,-3.257029],[113.3648609,-3.2559946],[113.3639594,-3.2539358],[113.3649859,-3.2544486],[113.3653669,-3.2531596],[113.3639517,-3.2505868],[113.3657464,-3.2508402],[113.3658297,-3.2491243],[113.3672816,-3.2496767],[113.36651,-3.2485198],[113.3678766,-3.2475737],[113.3731692,-3.2464431],[113.3736768,-3.2442517],[113.37612,-3.247982],[113.372402,-3.2472178],[113.3733438,-3.249188],[113.368567,-3.2513488],[113.3670358,-3.2541863],[113.3712189,-3.2519455],[113.373055,-3.2526262],[113.3721762,-3.2602276],[113.3796024,-3.2572479],[113.378313,-3.2539018],[113.3831682,-3.2477075],[113.3813723,-3.2469391],[113.3823969,-3.246679],[113.3813633,-3.2430748],[113.3798254,-3.2430783],[113.3803423,-3.2448805],[113.3788038,-3.2446264],[113.3794892,-3.2465971],[113.3780391,-3.2464316],[113.3777708,-3.2412798],[113.3782792,-3.2394754],[113.3793051,-3.2397306],[113.3790414,-3.2366397],[113.3803247,-3.2374097],[113.3804039,-3.2338905],[113.3859565,-3.2344333],[113.386721,-3.2324998],[113.3899225,-3.2317194],[113.3943926,-3.2250107],[113.3977218,-3.2238433],[113.3997715,-3.2235807],[113.4018295,-3.2267964],[113.4054152,-3.2257574],[113.4084821,-3.2220143],[113.4144957,-3.2182651],[113.4160263,-3.2151702],[113.4167739,-3.2061521],[113.4207263,-3.1973838],[113.4300622,-3.1896335],[113.4288888,-3.1808775],[113.4260686,-3.1803691],[113.4249051,-3.17625],[113.4275957,-3.1758567],[113.4278558,-3.1775311],[113.4283661,-3.1764995],[113.4304211,-3.1785554],[113.4327257,-3.1777771],[113.4323385,-3.1767477],[113.4354092,-3.1746796],[113.4334832,-3.1728809],[113.4332168,-3.1685022],[113.4352687,-3.1692701],[113.4380975,-3.1733852],[113.4470733,-3.1759399],[113.4487314,-3.1728446],[113.4478323,-3.1718165],[113.4452714,-3.1725953],[113.4466359,-3.1708766],[113.4485985,-3.1706549],[113.4509141,-3.1745135],[113.4547573,-3.1741183],[113.4573177,-3.1730818],[113.456281,-3.1681897],[113.458851,-3.171275],[113.458084,-3.1720495],[113.4596218,-3.1720459],[113.4598678,-3.1677944],[113.4609005,-3.1710125],[113.4662806,-3.1702268],[113.4742171,-3.166859],[113.4729287,-3.1638991],[113.4747219,-3.1636373],[113.4757503,-3.165052],[113.4742133,-3.1653134],[113.4747295,-3.1668577],[113.4801097,-3.1662003],[113.4818965,-3.1632342],[113.4831849,-3.166193],[113.4875433,-3.1669552],[113.4880506,-3.1647649],[113.4885669,-3.1663092],[113.491899,-3.1665587],[113.4916397,-3.1652714],[113.493435,-3.1659106],[113.5002148,-3.1613867],[113.5057245,-3.1612442],[113.5072532,-3.1575058],[113.5110965,-3.1572389],[113.5139095,-3.1547844],[113.5200623,-3.1557998],[113.5226232,-3.1551501],[113.5221089,-3.1543786],[113.5262142,-3.1565575],[113.5341577,-3.1562807],[113.5326103,-3.1522922],[113.5331199,-3.151003],[113.5349148,-3.1515137],[113.5351654,-3.1491949],[113.5332019,-3.1488535],[113.5346479,-3.1471355],[113.5333667,-3.1471385],[113.5346381,-3.143014],[113.532073,-3.14199],[113.5369371,-3.1400458],[113.539245,-3.1406846],[113.5423138,-3.1381011],[113.5423187,-3.1401618],[113.5441112,-3.1396422],[113.5433518,-3.1435079],[113.5450189,-3.1442765],[113.5436137,-3.1458256],[113.5448955,-3.14608],[113.5443888,-3.1483996],[113.5423393,-3.1486621],[113.5437508,-3.1496891],[113.5423463,-3.1514956],[113.5438834,-3.1513625],[113.5469662,-3.1545753],[113.5615682,-3.1527362],[113.5577207,-3.1512002],[113.5574671,-3.1522312],[113.5541357,-3.1522393],[113.5549006,-3.1506919],[113.5569513,-3.1509444],[113.5559244,-3.1501743],[113.5573264,-3.1473374],[113.5609084,-3.1450102],[113.5602656,-3.1439815],[113.5628199,-3.1406267],[113.566151,-3.1406184],[113.566413,-3.1429361],[113.5646186,-3.1426829],[113.5659017,-3.1434525],[113.5628381,-3.1480966],[113.562845,-3.1509299],[113.5702788,-3.1519418],[113.5723257,-3.1506488],[113.5741238,-3.1524474],[113.5759125,-3.1503824],[113.578477,-3.1512771],[113.5812916,-3.1495963],[113.5779548,-3.1472863],[113.5810278,-3.146506],[113.5782047,-3.1447099],[113.5812816,-3.145475],[113.5820471,-3.1441852],[113.579739,-3.1434183],[113.5789639,-3.1408443],[113.5812733,-3.1421265],[113.5846025,-3.1413455],[113.5830701,-3.14341],[113.5856415,-3.1470096],[113.5818169,-3.1547466],[113.5799136,-3.1624785],[113.5895367,-3.1654933],[113.5976867,-3.1660745],[113.6007318,-3.1648226],[113.6037768,-3.1662087],[113.6038216,-3.178102],[113.6097839,-3.1855667],[113.6119774,-3.1914852],[113.6131551,-3.2012699],[113.6157268,-3.2048693],[113.6148161,-3.2062723],[113.6227001,-3.2290693],[113.6305947,-3.2615003],[113.6326707,-3.2954978],[113.6317584,-3.2969498],[113.6332455,-3.2969918],[113.6308303,-3.3281895],[113.6283285,-3.3423443],[113.6177205,-3.3758652],[113.6144351,-3.3824184],[113.6110582,-3.3963153],[113.5980974,-3.4191403],[113.5813162,-3.4419774],[113.5856565,-3.446535],[113.5869696,-3.4458573],[113.5948634,-3.4490587],[113.6278689,-3.464845],[113.6762679,-3.4686729],[113.7236992,-3.4679389],[113.7485174,-3.4652729],[113.7573896,-3.4630346],[113.769721,-3.463307],[113.7894462,-3.4602868],[113.8117212,-3.4530099],[113.8135086,-3.450816],[113.8209393,-3.4504072],[113.8334806,-3.4449617],[113.8406372,-3.4386315],[113.8460185,-3.4384862],[113.8562479,-3.4313741],[113.8598362,-3.431621],[113.8634112,-3.4273607],[113.8726213,-3.4223118],[113.8754286,-3.4184407],[113.8859182,-3.412872],[113.8866816,-3.4110672],[113.8900116,-3.4106713],[113.8984461,-3.4034356],[113.9015194,-3.4029113],[113.9012594,-3.4016244],[113.9125173,-3.3960536],[113.9240212,-3.3871353],[113.9293928,-3.3840289],[113.93042,-3.3847983],[113.930416,-3.3835108],[113.9365585,-3.3811746],[113.9370667,-3.3797563],[113.9393731,-3.3798784],[113.9403922,-3.3779436],[113.9439768,-3.3770321],[113.9498539,-3.371735],[113.9603476,-3.3679697],[113.96111,-3.3659074],[113.9895212,-3.3564215],[114.0202978,-3.3531043],[114.0213284,-3.3511767],[114.0236297,-3.3527286],[114.0346495,-3.3518605],[114.0454248,-3.34713],[114.0452063,-3.334512],[114.0475505,-3.3216443],[114.0521096,-3.3156055],[114.0677486,-3.3227309],[114.0736376,-3.33743],[114.0798886,-3.3462037],[114.0882147,-3.3545172],[114.111389,-3.3712909],[114.1229541,-3.3775125],[114.1304009,-3.3781565],[114.1370541,-3.3812665],[114.1511393,-3.3841408],[114.1644602,-3.3855968],[114.1759716,-3.3924547],[114.1831446,-3.3932483],[114.2141942,-3.378659],[114.2433404,-3.3685586],[114.2538357,-3.3844797],[114.2496576,-3.388934],[114.2493925,-3.3920238],[114.2523256,-3.3971831],[114.2691998,-3.4113961],[114.2917194,-3.4233074],[114.3029717,-3.4320961],[114.3068016,-3.4372581],[114.3103862,-3.4385561],[114.3112777,-3.4403615],[114.3084512,-3.442929],[114.3072868,-3.4470466],[114.3118893,-3.450923],[114.3154708,-3.4532511],[114.3182932,-3.452229],[114.3187955,-3.4558362],[114.3241733,-3.4575251],[114.3303264,-3.456899],[114.329821,-3.4543219],[114.3272616,-3.4530269],[114.333158,-3.4525285],[114.3321291,-3.4538133],[114.3331529,-3.4543314],[114.3349526,-3.4524044],[114.3367441,-3.4533114],[114.3367477,-3.4520235],[114.3452009,-3.4538502],[114.3462204,-3.4559135],[114.346994,-3.4542411],[114.3498087,-3.4559235],[114.3523918,-3.448719],[114.3536726,-3.4489802],[114.35316867217293,-3.446789007787002],[114.3522493,-3.4093206],[114.3778532,-3.3201265],[114.3976745,-3.2568274],[114.4110488,-3.2321785],[114.4783174,-3.1268472],[114.4802552,-3.1214606],[114.4976195,-3.0005851],[114.5043486,-2.985991],[114.5267104,-2.9473841],[114.5911104,-2.8209522],[114.613655,-2.814194],[114.6191629,-2.8098241],[114.6292435,-2.8071738],[114.6593246,-2.804476],[114.6643981,-2.8017976],[114.6761705,-2.7900049],[114.6792755,-2.782902],[114.6787798,-2.7746363],[114.6716917,-2.7637205],[114.6693571,-2.7547285],[114.6719513,-2.7484839],[114.680435,-2.741452],[114.6895067,-2.738915],[114.7074203,-2.7441857],[114.7167893,-2.743494],[114.7294465,-2.7388644],[114.7479095,-2.7280219],[114.7569275,-2.7252047],[114.7607957,-2.7218372],[114.7716979,-2.6978178],[114.774826,-2.6937621],[114.7851868,-2.68695],[114.7894286,-2.6776044],[114.7915879,-2.6546321],[114.7918777,-2.6095426],[114.797592,-2.5923996],[114.8073045,-2.5796208],[114.8216953,-2.5718501],[114.839302,-2.5579259],[114.8435438,-2.551096],[114.8514156,-2.5319169],[114.8557912,-2.5259655],[114.8677063,-2.5164669],[114.8687593,-2.5068827],[114.8621216,-2.4882655],[114.862892,-2.4798388],[114.8638536,-2.4770624],[114.8757476,-2.4640233],[114.8838577,-2.4594498],[114.9010391,-2.4582212],[114.913948,-2.45207],[115.1349064,-2.2910259],[115.2057647,-2.2413252],[115.2279893,-2.2242164],[115.2404745,-2.2076878],[115.2407931,-2.1984446],[115.244622,-2.1997468],[115.2551231,-2.2097601],[115.2638972,-2.2224723],[115.2647219,-2.2261854],[115.2697284,-2.2204443],[115.2886046,-2.2271037],[115.2912294,-2.2262695],[115.2937699,-2.214478],[115.2976151,-2.1763137],[115.3038636,-2.1633341],[115.2998122,-2.1471556],[115.300247,-2.1444338],[115.3250122,-2.1092143],[115.3257905,-2.1056876],[115.3204268,-2.0985236],[115.323822,-2.0933671],[115.3247375,-2.0848682],[115.3216782,-2.0735252],[115.2987365,-2.0358033],[115.2921982,-2.015595],[115.2798005,-2.0060601],[115.2782287,-2.0011978],[115.2823028,-1.9935094],[115.2970888,-1.9765798],[115.3152007,-1.9628293],[115.319553,-1.9617985],[115.3309936,-1.9519376],[115.3410872,-1.946621],[115.3471147,-1.9398074],[115.3510132,-1.9304194],[115.3502503,-1.9076467],[115.3465117,-1.8923718],[115.3422774,-1.8829466],[115.3301774,-1.8663871],[115.312172,-1.8277473],[115.3101272,-1.8206796],[115.3102799,-1.8068834],[115.3144303,-1.7916187],[115.3190614,-1.7811903],[115.3223039,-1.7673729],[115.3293152,-1.7521597],[115.3395461,-1.7114126],[115.3539734,-1.6621722],[115.3583449,-1.6265026],[115.3699265,-1.5916034],[115.3767089,-1.5415479],[115.3835982,-1.5211997],[115.4005279,-1.4348902],[115.4095916,-1.430153],[115.412773,-1.4298878],[115.4293214,-1.4346177],[115.4458314,-1.4350896],[115.4625167,-1.4278767],[115.4779434,-1.425755],[115.486763,-1.4229709],[115.5018996,-1.4282989],[115.51783,-1.4305523],[115.5243071,-1.4297956],[115.5438004,-1.4194791],[115.5548171,-1.4113587],[115.581253,-1.3988657],[115.6021805,-1.3918566],[115.6402055,-1.368874],[115.6508104,-1.3677333],[115.6767653,-1.3703837],[115.6894682,-1.3662667],[115.6997833,-1.3589788],[115.7085342,-1.3462682],[115.7253876,-1.3302949],[115.7387695,-1.3226242],[115.7541199,-1.3102142],[115.7562961,-1.303257],[115.7542038,-1.2912922],[115.7563019,-1.2728291],[115.7667541,-1.2364394],[115.7702407,-1.2299087],[115.7800446,-1.2175405],[115.7950285,-1.203829],[115.8144836,-1.1880792],[115.8409958,-1.1714454],[115.8483506,-1.1620539],[115.8485566,-1.1575516],[115.8470003,-1.1547323],[115.8170929,-1.1290414],[115.8073272,-1.1163399],[115.796669,-1.1109802],[115.783043,-1.1169877],[115.7670364,-1.1354374],[115.7613754,-1.1355966],[115.7565233,-1.1330338],[115.7543791,-1.1303238],[115.7478638,-1.1114534],[115.745369,-1.0934922],[115.7436904,-1.0899499],[115.7395478,-1.0877391],[115.7340013,-1.0873016],[115.7273712,-1.0833303],[115.7075194,-1.0624208],[115.6982652,-1.0552698],[115.6891709,-1.053326],[115.6809463,-1.0569414],[115.678238,-1.0568355],[115.6735001,-1.0539201],[115.665619,-1.0413161],[115.6593629,-1.0245701],[115.6565704,-0.9991597],[115.6517946,-0.9916245],[115.6311418,-0.9733287],[115.5959852,-0.9558427],[115.5777206,-0.9416579],[115.5556105,-0.9182826],[115.5382844,-0.8877785],[115.531128,-0.8778953],[115.500595,-0.8473681],[115.486389,-0.8395439],[115.4716186,-0.8352733],[115.4467012,-0.8306058],[115.41024,-0.8261396],[115.3966446,-0.8213886],[115.3898773,-0.8156454],[115.3846282,-0.8078757],[115.3766023,-0.7910229],[115.3688735,-0.7676605],[115.3664856,-0.7330192],[115.3681182,-0.6853464],[115.36277,-0.6493158],[115.3542326,-0.6117604],[115.3546754,-0.5934256],[115.3523484,-0.5819735],[115.3473358,-0.5738509],[115.3329851,-0.5623654],[115.3248671,-0.5500058],[115.316559,-0.5269967],[115.2961045,-0.4892994],[115.2586976,-0.4548012],[115.2482987,-0.4486006],[115.2456588,-0.4451949],[115.2452776,-0.442483],[115.2520751,-0.4366361],[115.2598496,-0.4208525],[115.2599868,-0.3927],[115.2582703,-0.3840769],[115.2564851,-0.3818456],[115.2511596,-0.3794008],[115.2402955,-0.3774678],[115.2362898,-0.3625909],[115.2275314,-0.297019],[115.2279817,-0.2941707],[115.2303314,-0.2925049],[115.2386932,-0.2918548],[115.2493286,-0.2950807],[115.2520294,-0.2938847],[115.2529524,-0.2909185],[115.2545623,-0.270449],[115.2516175,-0.255562],[115.2455292,-0.2454425],[115.238182,-0.2404051],[115.2380372,-0.237449],[115.2453917,-0.2282926],[115.2520067,-0.2135769],[115.258316,-0.2066728],[115.271118,-0.1854056],[115.2674867,-0.1575189],[115.2698746,-0.1463875],[115.2748872,-0.139141],[115.2860641,-0.1361013],[115.2964782,-0.1251429],[115.3018721,-0.12191],[115.3079528,-0.1151236],[115.3214723,-0.0946875],[115.3222502,-0.0891176],[115.3180314,-0.0768537],[115.3036195,-0.0579189],[115.3012237,-0.0528494],[115.300827,-0.0319117],[115.2985763,-0.0303952],[115.295868,-0.0312385],[115.285576,-0.0418443],[115.2777024,-0.0454503],[115.271469,-0.046912],[115.2597884,-0.0461641],[115.2570877,-0.0471342],[115.2533416,-0.0512965],[115.2442778,-0.0532582],[115.2289811,-0.0718157],[115.2199019,-0.0717704],[115.2033005,-0.0749601],[115.1950302,-0.0727714],[115.1856842,-0.0834847],[115.1779327,-0.0880398],[115.1715013,-0.0941124],[115.1600875,-0.0977489],[115.1557618,-0.1016769],[115.1537018,-0.1105658],[115.1478652,-0.1173521],[115.1476211,-0.1318986],[115.1438828,-0.1365402],[115.1325835,-0.1385131],[115.1246567,-0.1353748],[115.1188124,-0.1423961],[115.1065523,-0.1423631],[115.0963592,-0.1500124],[115.0821076,-0.1520064],[115.0718155,-0.1627207],[115.0638199,-0.1655041],[115.0559006,-0.1780964],[115.0420763,-0.189664],[115.0358886,-0.1891005],[115.0217514,-0.1841332],[114.992874,-0.1845866],[114.9901506,-0.1835405],[114.989189,-0.1809468],[114.9944764,-0.1785368],[114.9943388,-0.1758247],[114.9898298,-0.1726559],[114.986763,-0.1726861],[114.978897,-0.1764005],[114.9631196,-0.1790017],[114.9488143,-0.1893945],[114.9405365,-0.1867357],[114.934532,-0.1876095],[114.9295655,-0.1852729],[114.928627,-0.1830046],[114.9285737,-0.1794879],[114.9330827,-0.1672786],[114.9325409,-0.1580577],[114.920082,-0.1333077],[114.9208373,-0.1241941],[114.9263838,-0.109371],[114.9268111,-0.1034581],[114.9250871,-0.0938857],[114.9203873,-0.0812696],[114.9151536,-0.0744401],[114.905075,-0.0527526],[114.8956834,-0.0272764],[114.8988341,-0.0071488],[114.8897477,0.0244843],[114.8958662,0.041324],[114.8950195,0.0439178],[114.8850709,0.0497573],[114.8793563,0.0570475],[114.8742601,0.0604417],[114.8687132,0.0613493],[114.8608397,0.0578609],[114.8575363,0.0579571],[114.8532257,0.0663244],[114.8489456,0.0711389],[114.8350907,0.0790809],[114.8320159,0.0798916],[114.8263704,0.0783129],[114.8223953,0.0742587],[114.8145217,0.0705353],[114.8088607,0.0712077],[114.7882615,0.0967181],[114.7870026,0.1074752],[114.7891694,0.1165993],[114.7929991,0.1246674],[114.8027954,0.1385725],[114.810669,0.1579091],[114.8109664,0.1643011],[114.8097686,0.1670121],[114.8019408,0.1734593],[114.8020171,0.1787844],[114.816101,0.1869258],[114.8258056,0.1969343],[114.8297501,0.2207331],[114.8353499,0.2288119],[114.850998,0.2333025],[114.8559494,0.233226],[114.8623963,0.2381143],[114.8663866,0.255413],[114.8732222,0.2714306],[114.8757934,0.2741725],[114.8849564,0.2784939],[114.88752,0.2826551],[114.8871766,0.2961344],[114.8897246,0.3018235],[114.9078676,0.3186388],[114.9417115,0.3335441],[114.9504624,0.3301806],[114.9521026,0.3164675],[114.9550553,0.3150692],[114.9671707,0.3195382],[114.9752502,0.3262181],[114.9792556,0.3268369],[114.9962767,0.3215197],[115.0176622,0.3300752],[115.025467,0.3275244],[115.0313263,0.3170431],[115.0433428,0.3029425],[115.0459441,0.3020139],[115.0500564,0.3031028],[115.0526124,0.3082133],[115.0512466,0.3169543],[115.0687332,0.3281909],[115.0828322,0.3342078],[115.088333,0.3391043],[115.0977859,0.3520598],[115.1258011,0.3735499],[115.1322937,0.3875512],[115.1369629,0.4240166],[115.1359787,0.4295666],[115.1308519,0.4362696],[115.1093902,0.4521961],[115.1004485,0.4653866],[115.0949858,0.4703083],[115.0910492,0.476669],[115.0863419,0.4904694],[115.0761488,0.5127535],[115.066368,0.5275795],[115.0493774,0.5443692],[115.037834,0.5582442],[115.0320665,0.5720435],[115.0263443,0.5798038],[115.0075379,0.6184609],[114.9999314,0.6567224],[114.9971314,0.6839048],[114.9901276,0.7053873],[114.9899141,0.7175649],[114.9885864,0.7215776],[114.9859696,0.7241606],[114.9805145,0.7436288],[114.9776536,0.7484626],[114.9682694,0.757503],[114.9616393,0.7604076],[114.9578323,0.765349],[114.949318,0.7681252],[114.9438402,0.775298],[114.936142,0.7795033],[114.926346,0.7812023],[114.9106752,0.7954077],[114.907959,0.7953869],[114.9067915,0.7941924],[114.9093169,0.7874687],[114.9052885,0.7754949],[114.8855666,0.7640029],[114.8765792,0.7522232],[114.8673247,0.7447103],[114.8641816,0.7391291],[114.8651503,0.7212749],[114.8757019,0.713664],[114.8796385,0.7074208],[114.8798905,0.7050615],[114.8764954,0.7018397],[114.8669435,0.7028338],[114.8475038,0.7155889],[114.843582,0.7204037],[114.8385161,0.7348004],[114.8275526,0.7498603],[114.8236391,0.7525506],[114.8134918,0.7540142],[114.8081054,0.7487743],[114.7957765,0.7428857],[114.7836913,0.7349994],[114.7743684,0.7358762],[114.7712936,0.737392],[114.76593,0.7443299],[114.7600404,0.7440529],[114.7564012,0.7422502],[114.7357026,0.7203333],[114.7183304,0.7096844],[114.7110444,0.7073899],[114.6975707,0.7109567],[114.6954269,0.7140103],[114.6952973,0.7161438],[114.6990434,0.7190042],[114.7056962,0.7279249],[114.7056883,0.7292268],[114.7032014,0.7301555],[114.6995543,0.7294196],[114.6804656,0.7124857],[114.6744767,0.7091348],[114.6620941,0.7095113],[114.6582259,0.7074734],[114.6502458,0.6865997],[114.6361925,0.6744352],[114.6331786,0.6677964],[114.6207503,0.6589515],[114.6152192,0.642474],[114.6133346,0.6418664],[114.6097487,0.6485801],[114.6040877,0.6483032],[114.5920486,0.634857],[114.5899735,0.6292769],[114.5871428,0.6287859],[114.5820542,0.6319451],[114.5763853,0.6329701],[114.5620271,0.6296651],[114.5577546,0.6334218],[114.5519867,0.6319606],[114.5406647,0.6329439],[114.538437,0.6313866],[114.5355224,0.6264023],[114.5340652,0.617288],[114.5351714,0.611259],[114.5408173,0.5977037],[114.5358277,0.5874918],[114.5286637,0.5834165],[114.5241472,0.5729792],[114.518898,0.5662026],[114.5074691,0.5650521],[114.4877015,0.5744891],[114.4849928,0.5744684],[114.4754867,0.5686097],[114.4588471,0.570971],[114.4526825,0.5601613],[114.4369508,0.551295],[114.4275743,0.5441346],[114.4259644,0.5385641],[114.4318237,0.5283177],[114.432907,0.5099935],[114.4302368,0.5050004],[114.4220047,0.5022258],[114.4116745,0.4964748],[114.4030608,0.4972348],[114.3922576,0.5070965],[114.3832856,0.5077385],[114.3777312,0.5097129],[114.3558731,0.5315515],[114.3291701,0.5383328],[114.3155671,0.5446206],[114.3128585,0.5442473],[114.3088762,0.5403198],[114.3034744,0.5381537],[114.2979278,0.5388172],[114.2925185,0.5371213],[114.2842331,0.541326],[114.2753753,0.5425558],[114.2702028,0.5409868],[114.2615358,0.5332303],[114.2558748,0.5335502],[114.2479552,0.5368061],[114.2367782,0.5336489],[114.228401,0.533939],[114.2228776,0.5317727],[114.2179031,0.5345705],[114.2122421,0.5346553],[114.1965025,0.5424599],[114.1900862,0.5489176],[114.1878892,0.5485538],[114.1888046,0.5626309],[114.1867372,0.5710095],[114.1719055,0.5822595],[114.1530228,0.584962],[114.1482848,0.588004],[114.1481171,0.5941515],[114.1511231,0.6025712],[114.1553268,0.6076833],[114.1640168,0.6123569],[114.1684646,0.6164115],[114.1725236,0.6248414],[114.1652754,0.6473815],[114.1575394,0.6566676],[114.1549758,0.6682371],[114.1460647,0.6770429],[114.1267622,0.6875472],[114.1215516,0.6910588],[114.1131136,0.7001001],[114.1081391,0.7025542],[114.1022491,0.7022772],[114.0941466,0.6978393],[114.0829391,0.6987051],[114.0745925,0.6950988],[114.0657653,0.693734],[114.0469132,0.6771529],[114.0204316,0.6711689],[114.012207,0.6668485],[114.0098648,0.6647035],[114.0051118,0.6546185],[113.9993287,0.6549292],[113.9887544,0.6658489],[113.979294,0.6699259],[113.9741212,0.66776],[113.970146,0.6632358],[113.9615554,0.660922],[113.940094,0.6613619],[113.9220961,0.6567334],[113.9049986,0.6567346],[113.9005433,0.6535026],[113.8949356,0.6463732],[113.8892897,0.6445504],[113.8864594,0.6450087],[113.8839646,0.6473568],[113.880928,0.6596309],[113.8786697,0.6617442],[113.8403582,0.6681938],[113.8386917,0.662871],[113.8230666,0.6553066],[113.8112413,0.645287],[113.8052293,0.6292791],[113.8039628,0.6108169],[113.8024444,0.6083293],[113.7913895,0.604458],[113.7761917,0.5885043],[113.7737578,0.5829239],[113.7712936,0.5658799],[113.7682343,0.5651446],[113.7599716,0.5666281],[113.7567978,0.5655401],[113.7407609,0.5506343],[113.7378539,0.54518],[113.736267,0.5368882],[113.7341614,0.5345084],[113.7316972,0.5333036],[113.7174224,0.5337957],[113.6988601,0.5254961],[113.6938781,0.5148143],[113.6887132,0.5115907],[113.6748352,0.5068759],[113.672142,0.5044865],[113.6676024,0.4965353],[113.6653596,0.4823213],[113.6592331,0.4658432],[113.6598664,0.4455024],[113.6583482,0.4432407],[113.6409988,0.4304583],[113.6272583,0.423619],[113.6204759,0.4167143],[113.602234,0.4119681],[113.5855483,0.4052254],[113.5815736,0.4008187],[113.5790712,0.3885029],[113.5713348,0.3830076],[113.5603944,0.3793805],[113.5567778,0.3749742],[113.5532988,0.3669065],[113.5426561,0.3559478],[113.5161821,0.3339981],[113.5145491,0.3315013],[113.5140077,0.3255882],[113.5051193,0.3158246],[113.4609451,0.2807305],[113.4372406,0.2661336],[113.4129715,0.2640664],[113.4041137,0.2655403],[113.3900298,0.2725329],[113.3725662,0.2742966],[113.3577882,0.2796341],[113.3434066,0.2792854],[113.3150407,0.2730555],[113.285614,0.2516725],[113.2751693,0.2456773],[113.270958,0.2415145],[113.2702715,0.2387835],[113.2733765,0.2338413],[113.3020937,0.2090894],[113.3281631,0.1772288],[113.34523,0.1650499],[113.3799898,0.1525359],[113.3990478,0.1432067],[113.4087602,0.1368878],[113.4193421,0.1253806],[113.4195098,0.1195857],[113.4156496,0.1154142],[113.4110412,0.1014238],[113.4136048,0.0898543],[113.4113616,0.0748175],[113.4100494,0.0466637],[113.4144972,0.0353403],[113.4185411,0.0308692],[113.4337234,0.0196286],[113.4371718,0.0153919],[113.4258271,-0.0120033],[113.4287262,-0.0202636],[113.4275893,-0.0258337],[113.4191588,-0.0338159],[113.417122,-0.0450644],[113.4221267,-0.0520117],[113.4366606,-0.0562826],[113.4388048,-0.0582785],[113.4404906,-0.0637012],[113.4345931,-0.0777019],[113.4240646,-0.0892481],[113.4189378,-0.1122344],[113.4126205,-0.1183069],[113.404747,-0.1220304],[113.398979,-0.122904],[113.3968734,-0.1249312],[113.3963014,-0.1277705],[113.3994064,-0.1327126],[113.416313,-0.1385091],[113.4186858,-0.1409748],[113.418495,-0.1462999],[113.4090652,-0.1618591],[113.4037703,-0.1630758],[113.3922042,-0.1619842],[113.3865662,-0.1643855],[113.3856428,-0.1672343],[113.3876189,-0.1785693],[113.3862228,-0.1814184],[113.3739396,-0.1939247],[113.369171,-0.2030423],[113.3558654,-0.2193648],[113.3497544,-0.2223723],[113.3338698,-0.2256788],[113.3246077,-0.2333092],[113.3098985,-0.2363794],[113.2975159,-0.2365816],[113.2841264,-0.2423536],[113.2807464,-0.2478265],[113.277893,-0.259555],[113.2731857,-0.2688263],[113.270256,-0.2707006],[113.2627792,-0.2711148],[113.2577514,-0.2735337],[113.2448576,-0.2870712],[113.2356643,-0.2944936],[113.232605,-0.3078948],[113.2289507,-0.3150314],[113.2287368,-0.3250306],[113.2253647,-0.3299159],[113.207962,-0.3380515],[113.2067642,-0.3417322],[113.2088166,-0.3437372],[113.2226485,-0.3484427],[113.2267684,-0.3528053],[113.2306596,-0.3631981],[113.2370604,-0.3664645],[113.245758,-0.3765724],[113.262512,-0.3882725],[113.2629088,-0.3927653],[113.2584685,-0.4026601],[113.2594528,-0.4082915],[113.2661974,-0.4185188],[113.2666016,-0.4232285],[113.2655868,-0.4319628],[113.2627334,-0.4368566],[113.2465896,-0.4505329],[113.2411957,-0.4619113],[113.2265473,-0.4765445],[113.225189,-0.4806231],[113.2262345,-0.4884241],[113.2250443,-0.4933705],[113.2180405,-0.5032137],[113.214218,-0.5059206],[113.2084656,-0.5062789],[113.1997147,-0.5001489],[113.1966094,-0.4905057],[113.1978456,-0.4797099],[113.1927109,-0.4790821],[113.1896286,-0.4760475],[113.1863555,-0.4673808],[113.1792145,-0.4669358],[113.1639253,-0.4705311],[113.1579284,-0.4689368],[113.1552428,-0.4658927],[113.1522444,-0.44993],[113.1468736,-0.4465541],[113.142929,-0.4462235],[113.1310732,-0.4510177],[113.1283951,-0.4537235],[113.1192857,-0.4687942],[113.1131362,-0.4747218],[113.1105881,-0.486224],[113.107109,-0.4865168],[113.0989457,-0.4836047],[113.0943222,-0.4846489],[113.0857697,-0.4905247],[113.0623855,-0.4996517],[113.0539324,-0.4995607],[113.0495375,-0.4972777],[113.0435334,-0.4910185],[113.0318222,-0.4874319],[113.0221786,-0.4873329],[113.0029524,-0.494042],[112.9983826,-0.4924372],[112.9947203,-0.4877398],[112.9917528,-0.4875799],[112.98497,-0.493906],[112.9817812,-0.4990895],[112.9803696,-0.5065042],[112.9745635,-0.5107591],[112.9689101,-0.5128439],[112.9560088,-0.5128205],[112.9280472,-0.5205236],[112.9230346,-0.5221469],[112.9175644,-0.5293306],[112.9039841,-0.5288467],[112.8874968,-0.5349745],[112.8697661,-0.5467358],[112.8531341,-0.5671749],[112.8453217,-0.5719561],[112.8160019,-0.5771292],[112.7941589,-0.5665551],[112.7784575,-0.5656666],[112.7639617,-0.5663951],[112.7533417,-0.5685934],[112.7481001,-0.5723414],[112.741951,-0.5827532],[112.7417602,-0.6027061],[112.7440796,-0.6172321],[112.7431642,-0.6201621],[112.7370683,-0.624372],[112.7247926,-0.6235434],[112.7154388,-0.6264276],[112.71064,-0.6262696],[112.7022934,-0.6215224],[112.6991578,-0.6221584],[112.700142,-0.6323281],[112.6934129,-0.6354447],[112.6913072,-0.6384302],[112.6913224,-0.6494055],[112.6837922,-0.652758],[112.6744384,-0.6526045],[112.6594314,-0.6566152],[112.6524049,-0.6564505],[112.6476058,-0.6544572],[112.6412734,-0.6585408],[112.6338426,-0.6547149],[112.6274566,-0.6560411],[112.6173629,-0.663826],[112.605835,-0.6652297],[112.6002503,-0.6747278],[112.597191,-0.685426],[112.5915451,-0.689111],[112.5845262,-0.6908538],[112.5706558,-0.6907681],[112.5569459,-0.6869484],[112.5502013,-0.6869641],[112.545639,-0.6888671],[112.5397796,-0.6986548],[112.5345305,-0.6995279],[112.5176774,-0.6952594],[112.4876862,-0.6925587],[112.4844286,-0.6956628],[112.4845808,-0.7109052],[112.4829713,-0.7231568],[112.4783935,-0.7305204],[112.4751359,-0.7316175],[112.4714812,-0.7318923],[112.4654314,-0.729828],[112.4557344,-0.7219361],[112.4537353,-0.7180868],[112.451126,-0.7030639],[112.4507448,-0.6859232],[112.4488069,-0.6794792],[112.4439545,-0.6753885],[112.4331131,-0.6726328],[112.4220809,-0.6757898],[112.4185334,-0.678605],[112.4151077,-0.6860308],[112.405945,-0.697223],[112.3652192,-0.7127047],[112.3440858,-0.7179871],[112.3391725,-0.7138966],[112.33786,-0.7097574],[112.3338089,-0.704572],[112.3293074,-0.7042329],[112.3158647,-0.7201034],[112.3096849,-0.7327664],[112.3063124,-0.7345327],[112.3022002,-0.7328732],[112.2962724,-0.7211895],[112.2901153,-0.7149757],[112.2759706,-0.6910321],[112.2677154,-0.6701473],[112.2435378,-0.6351569],[112.2303542,-0.6230736],[112.2181931,-0.6159344],[112.2099761,-0.6143786],[112.1966017,-0.6158653],[112.189865,-0.622309],[112.1869966,-0.6320304],[112.1845932,-0.6354773],[112.1808168,-0.6373705],[112.1727676,-0.6380023],[112.1699599,-0.6404822],[112.1653213,-0.6503139],[112.1611558,-0.6545038],[112.1585771,-0.6629684],[112.158661,-0.6843675],[112.1500397,-0.6787798],[112.1471939,-0.6801659],[112.1463317,-0.6848226],[112.1498489,-0.69725],[112.1619337,-0.7259692],[112.1577606,-0.7288483],[112.1391374,-0.7296984],[112.128975,-0.7285422],[112.08947,-0.7105722],[112.0623934,-0.7034931],[112.0334396,-0.7012254],[112.0227584,-0.7032972],[112.015953,-0.7136464],[112.0142822,-0.7214772],[112.019287,-0.7400056],[112.0353545,-0.7800486],[112.0338515,-0.7907542],[112.0288849,-0.7959304],[112.0206528,-0.7977104],[112.0048294,-0.7983951],[111.9954604,-0.8009809],[111.9785994,-0.8077599],[111.9642563,-0.8162633],[111.9541169,-0.818651],[111.935875,-0.8078021],[111.9279481,-0.7972686],[111.9249266,-0.788231],[111.9201966,-0.7804697],[111.9144362,-0.7741922],[111.9100954,-0.7732111],[111.9062653,-0.7755022],[111.9066847,-0.8081383],[111.9019774,-0.8322906],[111.9069292,-0.8486944],[111.9197542,-0.8687247],[111.9189528,-0.8714287],[111.9057008,-0.8693534],[111.8873138,-0.8629075],[111.8788603,-0.8623192],[111.8724671,-0.8639799],[111.868515,-0.8708276],[111.865288,-0.8941284],[111.8613967,-0.8996561],[111.8538515,-0.9047173],[111.8319016,-0.9144305],[111.7910614,-0.9092905],[111.7827223,-0.9096333],[111.7751234,-0.9120456],[111.7692947,-0.9163638],[111.7523804,-0.9234864],[111.7435759,-0.9249145],[111.730324,-0.92434],[111.7270051,-0.9289992],[111.7248232,-0.9392895],[111.7177351,-0.9451639],[111.6942368,-0.955394],[111.6826326,-0.9650517],[111.6682283,-0.9687274],[111.6563951,-0.9789097],[111.6512453,-0.9805241],[111.6362228,-0.9797615],[111.6246262,-0.9845916],[111.6179276,-0.9933857],[111.6142045,-1.003334],[111.6246413,-1.035201],[111.624008,-1.0440524],[111.621956,-1.0481859],[111.6191023,-1.049798],[111.6112212,-1.0468134],[111.6069948,-1.0486437],[111.6005479,-1.0637027],[111.5940935,-1.0697392],[111.5707932,-1.0759459],[111.565773,-1.0827856],[111.5536651,-1.1106066],[111.5544586,-1.1215992],[111.5569152,-1.125448],[111.5666885,-1.1314323],[111.5709761,-1.1391488],[111.5713732,-1.1458113],[111.5698853,-1.1492663],[111.5569228,-1.16237],[111.555725,-1.1683561],[111.5598373,-1.1788843],[111.571205,-1.1841799],[111.5736617,-1.1869348],[111.5752028,-1.192864],[111.5734331,-1.1998179],[111.5648042,-1.2086773],[111.5603561,-1.2110322],[111.5469893,-1.2095807],[111.5349426,-1.2159572],[111.5177537,-1.2158296],[111.5093002,-1.2183061],[111.4959334,-1.2197929],[111.4915543,-1.2283134],[111.4852907,-1.2321709],[111.4771882,-1.2330288],[111.4563521,-1.2306175],[111.4297027,-1.2383193],[111.4151537,-1.2379178],[111.4089278,-1.2405095],[111.4050445,-1.2452235],[111.4031142,-1.2521235],[111.402031,-1.2618341],[111.4031297,-1.2712624],[111.4004974,-1.2771233],[111.3969038,-1.2784468],[111.3895415,-1.2743136],[111.3822936,-1.2754056],[111.378586,-1.2775338],[111.3735582,-1.2837949],[111.3695298,-1.3058127],[111.3609697,-1.3190927],[111.3541261,-1.3252472],[111.3490447,-1.327666],[111.3387145,-1.3257145],[111.3273544,-1.3362761],[111.3226852,-1.3453032],[111.3216019,-1.3553755],[111.3142547,-1.3753806],[111.3015899,-1.3908436],[111.296997,-1.3992016],[111.2896652,-1.402807],[111.2772827,-1.4034883],[111.2754517,-1.4057321],[111.2798614,-1.4191893],[111.2786561,-1.4253382],[111.2740402,-1.4268976],[111.2609635,-1.4210794],[111.2474365,-1.4194111],[111.232872,-1.4149233],[111.2200927,-1.4086618],[111.2147215,-1.4102672],[111.2107237,-1.4159668],[111.2084579,-1.4284361],[111.2094954,-1.4389673],[111.2066345,-1.4414293],[111.1946411,-1.4326807],[111.1892699,-1.431131],[111.185051,-1.4321659],[111.1832885,-1.4395267],[111.1922608,-1.4689632],[111.1883926,-1.4949044],[111.1931305,-1.506969],[111.1917647,-1.5143295],[111.1852037,-1.5172108],[111.1746978,-1.5081173],[111.1721879,-1.5013302],[111.1724089,-1.49398],[111.1681138,-1.4770693],[111.1580125,-1.4712662],[111.1471711,-1.4730488],[111.1407775,-1.4768883],[111.1323928,-1.4861452],[111.125885,-1.487815],[111.1159516,-1.4871829],[111.1092149,-1.4898838],[111.1067125,-1.4927069],[111.1060793,-1.4970109],[111.1079635,-1.5041963],[111.1172789,-1.5180012],[111.1233902,-1.5319177],[111.1197967,-1.5389276],[111.1235123,-1.5447371],[111.1238633,-1.5481813],[111.1188964,-1.5527788],[111.1051332,-1.5525573],[111.0964583,-1.5540486],[111.0908585,-1.5559346],[111.0830461,-1.5623792],[111.0776825,-1.562954],[111.0735702,-1.5601375],[111.0696257,-1.5532977],[111.0680237,-1.5397834],[111.0645371,-1.5367945],[111.0587767,-1.53633],[111.0506746,-1.5412652],[111.0472488,-1.5417297],[111.0418855,-1.5399449],[111.03714,-1.5412153],[111.0226439,-1.5536875],[111.0182494,-1.5621358],[111.0138628,-1.5631075],[110.9997252,-1.5557896],[110.9939652,-1.5426682],[110.9899598,-1.5393452],[110.9839554,-1.5376967],[110.9790497,-1.5405766],[110.9714659,-1.5530962],[110.952301,-1.578447],[110.9280852,-1.5832624],[110.9203718,-1.583044],[110.9088364,-1.5860479],[110.897995,-1.5955964],[110.8914872,-1.6044537],[110.8902434,-1.6091651],[110.8833923,-1.6173265],[110.8647767,-1.6254543],[110.8583298,-1.6305686],[110.8556518,-1.6359775],[110.8597871,-1.649218],[110.857689,-1.6685218],[110.8601532,-1.6763756],[110.8645628,-1.6813075],[110.8799896,-1.6797281],[110.887474,-1.6824691],[110.8925705,-1.6904379],[110.8963087,-1.7057038],[110.9008256,-1.7102378],[110.9141464,-1.7182978],[110.9190596,-1.7188083],[110.9321975,-1.7159114],[110.9385374,-1.7130845],[110.951149,-1.6989505],[110.9539872,-1.6862457],[110.9589462,-1.6779235],[110.9677964,-1.6717037],[110.9773253,-1.667843],[110.9819563,-1.6680011],[110.9876785,-1.6724164],[111.0004121,-1.6896443],[111.0055237,-1.6990867],[111.0066606,-1.7054681],[111.0051346,-1.7208207],[111.0062178,-1.7273831],[111.0161056,-1.7425525],[111.0164414,-1.7460058],[111.0124512,-1.7564155],[111.0137177,-1.7798113],[111.0054092,-1.8031714],[111.0039977,-1.8053426],[110.9908447,-1.8138085],[110.9815369,-1.8294761],[110.9749986,-1.8620016],[110.9760131,-1.8830744],[110.9802017,-1.8886121],[110.9928665,-1.8961937],[110.9959794,-1.9020309],[110.9968186,-1.9101757],[110.9934083,-1.9266691],[110.9909135,-1.9316168],[110.9785997,-1.9390965],[110.9755937,-1.9430682],[110.974617,-1.9551838],[110.9783552,-1.9727459],[110.9811172,-1.9770285],[110.9919434,-1.9822522],[110.999344,-1.989143],[111.0041579,-1.9908831],[111.0093538,-1.9903626],[111.0211106,-1.9847911],[111.0295638,-1.983065],[111.0493775,-1.9868153],[111.0760423,-1.9867618],[111.0824968,-1.9896304],[111.0852432,-1.9946904],[111.08461,-2.0002692],[111.079422,-2.0081487],[111.0759354,-2.0264051],[111.0765913,-2.0333476],[111.0814132,-2.0421755],[111.0814895,-2.0493448],[111.0611725,-2.0561542],[111.058609,-2.0581639],[111.0560152,-2.0676951],[111.0525361,-2.0717218],[111.0494002,-2.0724752],[111.0427092,-2.0705199],[111.0378114,-2.0740325],[111.0379943,-2.0792489],[111.0505601,-2.0971367],[111.0521927,-2.1095391],[111.0585402,-2.1096954],[111.0610505,-2.1114741],[111.0622788,-2.1201878],[111.068199,-2.1316636],[111.0718843,-2.143476],[111.0784302,-2.1535046],[111.0796434,-2.1585572],[111.0738222,-2.1782443],[111.064415,-2.1847449],[111.0665588,-2.1940906],[111.0652618,-2.2010352],[111.0413286,-2.2229371],[111.0352554,-2.2331591],[111.0324859,-2.2441279],[111.0349044,-2.2506621],[111.0454103,-2.2681],[111.0521696,-2.2747924],[111.0592116,-2.2787995],[111.0649032,-2.2919931],[111.070877,-2.301507],[111.080475,-2.3395315],[111.0902022,-2.3635609],[111.0943145,-2.3815837],[111.0967103,-2.4003408],[111.1038743,-2.4247162],[111.1066819,-2.449548],[111.1061632,-2.4847888],[111.1149979,-2.515708],[111.1167983,-2.5422766],[111.135132,-2.596005],[111.1370087,-2.611788],[111.1344224,-2.6249356],[111.1286772,-2.6354375],[111.1207579,-2.6432023],[111.1190566,-2.6475072],[111.1193086,-2.6531302],[111.1288835,-2.666537],[111.1363906,-2.6708331],[111.1446839,-2.672425],[111.1600494,-2.6713068],[111.1654814,-2.6726846],[111.1713408,-2.6825964],[111.172676,-2.6902797],[111.1706275,-2.7062621],[111.1574201,-2.7194078],[111.1556178,-2.7268437],[111.1466326,-2.7423169],[111.1382647,-2.7473158],[111.136406,-2.7506525],[111.1233902,-2.7567589],[111.1000594,-2.7708221],[111.0800704,-2.7774234],[111.0647812,-2.7856564],[111.0511933,-2.7898014],[111.0235824,-2.7915101],[111.0117035,-2.7946319],[111.0065231,-2.8006129],[110.9976883,-2.8273094],[110.9883424,-2.836287],[110.9780348,-2.8422098],[110.9690629,-2.8562317],[110.9513246,-2.864892],[110.9342347,-2.8675938],[110.9266204,-2.8704312],[110.9125213,-2.8680403],[110.9025652,-2.8712144],[110.8929672,-2.8715403],[110.8877562,-2.8742666],[110.8781204,-2.8842208],[110.8603822,-2.8914438],[110.8526458,-2.89853],[110.8409882,-2.8978002],[110.8382414,-2.8989422],[110.8310699,-2.9066067],[110.8229371,-2.9097247],[110.8112947,-2.9094107],[110.8011704,-2.9113193],[110.7739181,-2.926028],[110.7593536,-2.9386542],[110.7486115,-2.9520359],[110.7392072,-2.9762131],[110.7320623,-2.9883735],[110.73136565951526,-2.997005049163093]]]]}},{"type":"Feature","properties":{"province":"Kalimantan Selatan","boundary_set":"gwis_legacy_4","source_shape_iso":"ID-KS","source_shape_id":"65028918B30993740608215","source_shape_name":"South Kalimantan","centroid":{"longitude":115.70699865,"latitude":-3.2019654500000003},"geometry_role":"display geometry only; not an event location or analytical exposure boundary","display_id":"gwis-id-ks"},"geometry":{"type":"MultiPolygon","coordinates":[[[[117.0585346,-5.1015229],[117.061748,-5.0981708],[117.0611054,-5.0971396],[117.0508196,-5.0891479],[117.0482483,-5.0885031],[117.0461912,-5.0899217],[117.044906,-5.0948206],[117.0469633,-5.0975271],[117.053649,-5.1015233],[117.0585346,-5.1015229]]],[[[115.6340674,-4.9376006],[115.6367911,-4.9386767],[115.6414871,-4.9369924],[115.6554344,-4.9295534],[115.663042,-4.9228628],[115.6703209,-4.9076568],[115.6703678,-4.9048962],[115.6722932,-4.9029311],[115.6743125,-4.9030247],[115.6783042,-4.8966614],[115.677318,-4.8918421],[115.6750639,-4.8923568],[115.6705087,-4.8975972],[115.6652022,-4.9058788],[115.6532742,-4.9122888],[115.6420976,-4.9262315],[115.6375424,-4.929413],[115.6340674,-4.9376006]]],[[[115.7664874,-4.8376023],[115.7718672,-4.8373028],[115.7794711,-4.8321518],[115.78437,-4.8329005],[115.7840694,-4.8306544],[115.7872252,-4.8270607],[115.7889984,-4.8272104],[115.7905612,-4.8299057],[115.7950093,-4.8257729],[115.8010503,-4.8249643],[115.8056487,-4.8202025],[115.825004,-4.8096007],[115.829963,-4.8039703],[115.8546079,-4.7849822],[115.852968,-4.7819528],[115.8400084,-4.7843009],[115.8355825,-4.7835772],[115.8385158,-4.7810854],[115.8400306,-4.7772517],[115.8351256,-4.7775153],[115.8361595,-4.7741369],[115.8393573,-4.7709502],[115.8551782,-4.7597845],[115.8546011,-4.7577957],[115.8568372,-4.7544891],[115.8526055,-4.7556872],[115.8514514,-4.7542255],[115.8431322,-4.7611982],[115.8316152,-4.7661341],[115.8223584,-4.7725795],[115.8201945,-4.7762933],[115.8148086,-4.7797436],[115.8137748,-4.7823552],[115.808413,-4.7843918],[115.8043015,-4.7909089],[115.7945397,-4.7977135],[115.7926162,-4.7972103],[115.7878556,-4.8045419],[115.7866293,-4.8122328],[115.7821572,-4.8131912],[115.7775408,-4.8172642],[115.7780457,-4.8188694],[115.780979,-4.819109],[115.7808107,-4.8217924],[115.7760501,-4.8276622],[115.7676347,-4.8320706],[115.7660719,-4.8342268],[115.7664874,-4.8376023]]],[[[115.7115893,-4.7264001],[115.7135343,-4.7212227],[115.7216961,-4.7197627],[115.7384752,-4.7093834],[115.7400756,-4.7025864],[115.7496742,-4.697653],[115.7529922,-4.689194],[115.740249,-4.6927646],[115.7315032,-4.7024518],[115.7291648,-4.7014392],[115.7260872,-4.7048659],[115.7192107,-4.70604],[115.7164937,-4.7108805],[115.7076216,-4.7200341],[115.7120564,-4.7215457],[115.7115893,-4.7264001]]],[[[115.8048258,-4.3755576],[115.8111483,-4.3756012],[115.8142878,-4.3700199],[115.8136773,-4.3661392],[115.8069188,-4.3625201],[115.7986341,-4.3635666],[115.7963231,-4.3654852],[115.795233,-4.3689735],[115.7961051,-4.3715461],[115.8048258,-4.3755576]]],[[[116.27474,-3.0790641],[116.2713395,-3.0889512],[116.2783405,-3.0938448],[116.2797408,-3.0931457],[116.2792407,-3.0903494],[116.2825412,-3.0847567],[116.2808409,-3.0805621],[116.27474,-3.0790641]]],[[[116.1770184,-2.923525],[116.1717762,-2.9177697],[116.1699904,-2.9124053],[116.1642457,-2.90798],[116.1613562,-2.9079076],[116.1593507,-2.9036528],[116.1550891,-2.9027719],[116.1528409,-2.8994351],[116.1491799,-2.8985848],[116.1445229,-2.9154569],[116.1450861,-2.9235],[116.1489473,-2.9352816],[116.1647975,-2.942117],[116.1703731,-2.9430169],[116.1765681,-2.9462228],[116.1808893,-2.9507436],[116.184678,-2.9495412],[116.1876065,-2.9505536],[116.2035171,-2.9431864],[116.2036614,-2.9415656],[116.2006972,-2.9385356],[116.1919092,-2.9338339],[116.1880732,-2.9279481],[116.1802965,-2.9272167],[116.1770184,-2.923525]]],[[[116.2070106,-4.1013886],[116.2088116,-4.0975232],[116.2134342,-4.096368],[116.2113848,-4.0917254],[116.2116453,-4.0878585],[116.2098503,-4.0855364],[116.203945,-4.0856591],[116.1993204,-4.0888775],[116.2021408,-4.0927475],[116.2053482,-4.0942975],[116.2057269,-4.1012587],[116.2070106,-4.1013886]]],[[[116.2962099,-3.8434671],[116.298534,-3.8484617],[116.3015376,-3.8479265],[116.3053635,-3.8502098],[116.3089391,-3.845786],[116.3134086,-3.8442876],[116.3153752,-3.8329427],[116.3179854,-3.8281264],[116.321704,-3.8253793],[116.3203453,-3.8166028],[116.314088,-3.8191002],[116.3119784,-3.8237738],[116.3095827,-3.8252723],[116.3111917,-3.8291967],[116.3069367,-3.8299815],[116.3044696,-3.8338703],[116.3049701,-3.8361892],[116.3010012,-3.8364389],[116.2962099,-3.8434671]]],[[[116.1654622,-4.0577766],[116.1785625,-4.0508292],[116.1802329,-4.0488978],[116.1803661,-4.0445153],[116.1765155,-4.044124],[116.1700953,-4.0460517],[116.1682945,-4.0496591],[116.1626434,-4.052489],[116.1630239,-4.0566145],[116.1654622,-4.0577766]]],[[[116.2073296,-4.0377096],[116.2078454,-4.0352615],[116.2095145,-4.0344896],[116.2091325,-4.0316533],[116.2142678,-4.0310133],[116.213244,-4.0277901],[116.1970724,-4.0254541],[116.1996364,-4.028808],[116.2001456,-4.0331913],[116.2042527,-4.0337109],[116.2032229,-4.0366744],[116.2064327,-4.0355177],[116.2063026,-4.0377086],[116.2073296,-4.0377096]]],[[[116.0444944,-4.0981168],[116.0460359,-4.0972168],[116.0463001,-4.0909006],[116.0487401,-4.0897439],[116.0472075,-4.0830393],[116.04798,-4.0812355],[116.0460603,-4.0765929],[116.0419514,-4.0776192],[116.0433568,-4.0827768],[116.0411705,-4.0866413],[116.044116,-4.0920586],[116.0439839,-4.0956676],[116.0421862,-4.0961811],[116.0426974,-4.0979862],[116.0444944,-4.0981168]]],[[[116.06175240930665,-3.866385875],[116.0596749,-3.8737204],[116.0651075,-3.8789812],[116.0628705,-3.8885461],[116.0638459,-3.9000199],[116.0570404,-3.9036214],[116.0590907,-3.9064595],[116.0637144,-3.9032417],[116.0652532,-3.9044039],[116.0685908,-3.9037628],[116.0732071,-3.9073771],[116.0762795,-3.9144706],[116.0790999,-3.9173094],[116.0799905,-3.9240134],[116.0765139,-3.9348372],[116.0742016,-3.9366392],[116.0744557,-3.9389597],[116.0716341,-3.9371519],[116.069831,-3.9428216],[116.0690657,-3.9384381],[116.0675233,-3.9404987],[116.0679028,-3.9451396],[116.0657186,-3.9477153],[116.0646859,-3.9528701],[116.0659656,-3.956223],[116.0641691,-3.9559631],[116.0637819,-3.9575095],[116.065698,-3.9660192],[116.0605587,-3.9706537],[116.0579807,-3.9804473],[116.0505266,-3.9889461],[116.0514228,-3.990494],[116.0534767,-3.9902384],[116.0543621,-4.0020984],[116.0566698,-4.0044212],[116.0569276,-4.0033904],[116.058724,-4.0039081],[116.0579507,-4.0067429],[116.0556426,-4.0046778],[116.0551266,-4.0069974],[116.056535,-4.0095771],[116.0535825,-4.0103471],[116.0499792,-4.0183348],[116.0453582,-4.0185871],[116.0451094,-4.0116262],[116.0430561,-4.011366],[116.0445952,-4.0123991],[116.0444636,-4.014719],[116.0417679,-4.0152314],[116.0391903,-4.0242514],[116.0422684,-4.0264459],[116.0435526,-4.0258033],[116.0439752,-4.0280354],[116.0417526,-4.0283792],[116.0450898,-4.0285117],[116.0497019,-4.0361225],[116.0490563,-4.0389577],[116.0516073,-4.0528819],[116.0481308,-4.0624164],[116.054688,-4.0528855],[116.0537938,-4.049533],[116.0556866,-4.0424045],[116.0591964,-4.0397428],[116.058171,-4.0384527],[116.0597104,-4.039228],[116.0590695,-4.0379381],[116.0608675,-4.0371668],[116.0581752,-4.0348436],[116.0606135,-4.0348464],[116.0627991,-4.0322709],[116.0615163,-4.031496],[116.0617749,-4.0299494],[116.063058,-4.0302087],[116.061776,-4.0289182],[116.0620361,-4.0259534],[116.0664033,-4.023252],[116.0679308,-4.0345969],[116.0702453,-4.0309904],[116.0688355,-4.0286686],[116.0702498,-4.026994],[116.073329,-4.0282866],[116.0749979,-4.0276444],[116.0746148,-4.026355],[116.0802629,-4.0261036],[116.0794878,-4.0304854],[116.0771776,-4.030225],[116.0776855,-4.0351237],[116.0766601,-4.0338336],[116.0746052,-4.0348625],[116.0738291,-4.0400176],[116.0774222,-4.041053],[116.076911,-4.0391184],[116.0794778,-4.039379],[116.0805069,-4.0374472],[116.0861532,-4.0387426],[116.0858928,-4.0420938],[116.0851238,-4.0410617],[116.0830691,-4.0418328],[116.0846076,-4.0435098],[116.0871754,-4.0431263],[116.0871727,-4.0454467],[116.082038,-4.0456986],[116.0829346,-4.0469885],[116.0817786,-4.0480186],[116.0835711,-4.0520161],[116.087425,-4.049314],[116.0845925,-4.0570448],[116.0865176,-4.0567891],[116.0897365,-4.048543],[116.0917905,-4.048416],[116.0922973,-4.0543461],[116.0953793,-4.0533183],[116.0961481,-4.0544797],[116.0976904,-4.0526769],[116.0966618,-4.0542225],[116.0980729,-4.0547398],[116.0953708,-4.0609241],[116.0933163,-4.0614374],[116.0943388,-4.0653055],[116.0876656,-4.0637511],[116.0875345,-4.0658135],[116.0850943,-4.0673574],[116.0838072,-4.0704497],[116.0840621,-4.0719968],[116.0856032,-4.0713535],[116.0871472,-4.0681333],[116.0886881,-4.0677477],[116.0909983,-4.0681376],[116.0897106,-4.0717454],[116.0917656,-4.0707165],[116.0925386,-4.0681393],[116.0949754,-4.0696889],[116.0943231,-4.0794846],[116.0917597,-4.0758724],[116.0899629,-4.0756128],[116.0902177,-4.0774175],[116.0881617,-4.0792198],[116.0907221,-4.0854101],[116.0904691,-4.0820584],[116.095091,-4.0814187],[116.0983058,-4.0761378],[116.0976692,-4.0717543],[116.1007624,-4.0606723],[116.0985815,-4.0591231],[116.0994868,-4.053323],[116.1075845,-4.0431492],[116.1079771,-4.0367045],[116.1064365,-4.0369606],[116.1066917,-4.0382499],[116.1030982,-4.0377304],[116.1032303,-4.0338634],[116.1077285,-4.0292278],[116.1128625,-4.0296198],[116.116462,-4.0245969],[116.1164649,-4.0220188],[116.1182606,-4.0233098],[116.1221124,-4.0222828],[116.1231366,-4.0247326],[116.1231396,-4.0220262],[116.1267342,-4.0215143],[116.1242902,-4.0258944],[116.123771,-4.0313078],[116.1274909,-4.0341477],[116.1285191,-4.0329882],[116.135448,-4.0354452],[116.1377601,-4.0340294],[116.1410955,-4.0358375],[116.1434068,-4.0351959],[116.1490592,-4.030819],[116.1511193,-4.0247623],[116.1572847,-4.0207731],[116.161658,-4.0120122],[116.1657689,-4.0086648],[116.1677013,-4.0014482],[116.1729691,-3.9966837],[116.1791316,-3.9952723],[116.1804185,-3.9919221],[116.1865797,-3.9920566],[116.1927477,-3.9849735],[116.2073829,-3.9822802],[116.2096906,-3.9852477],[116.209182,-3.980091],[116.2014827,-3.9780211],[116.2009709,-3.976216],[116.1978902,-3.9764707],[116.197636,-3.9738924],[116.1955816,-3.9746639],[116.1950662,-3.9767259],[116.1922425,-3.9764653],[116.1935279,-3.9746618],[116.1912168,-3.9754329],[116.1901924,-3.9728538],[116.1945578,-3.971569],[116.1928899,-3.9687316],[116.1939081,-3.9676096],[116.1975112,-3.9675492],[116.2002183,-3.9702344],[116.2022603,-3.9702876],[116.2050877,-3.9664231],[116.2035489,-3.9648748],[116.2040654,-3.9617815],[116.2025258,-3.9610066],[116.2027846,-3.9589444],[116.2086955,-3.9517314],[116.2176859,-3.9456807],[116.2253897,-3.9428522],[116.2297522,-3.9444031],[116.2302474,-3.9415353],[116.2366516,-3.9422438],[116.2418702,-3.9406708],[116.2422935,-3.9421874],[116.2438732,-3.941838],[116.2495256,-3.9363005],[116.2499123,-3.9339805],[116.2545356,-3.9308909],[116.2587785,-3.9231603],[116.2649453,-3.9162047],[116.2657182,-3.9131115],[116.2744513,-3.9066738],[116.2824511,-3.9069877],[116.2856747,-3.9090846],[116.2862551,-3.9115825],[116.2885643,-3.9128736],[116.290356,-3.9190627],[116.2952339,-3.9182933],[116.2962598,-3.9193254],[116.2988281,-3.9176513],[116.3019079,-3.9184273],[116.309995,-3.9167588],[116.3102645,-3.9010321],[116.3052544,-3.895705],[116.3041194,-3.8868348],[116.3003362,-3.8838151],[116.3009036,-3.8802292],[116.3044978,-3.8800405],[116.3016603,-3.8753222],[116.2997687,-3.8766433],[116.2973095,-3.8756997],[116.2950396,-3.8675842],[116.2988228,-3.8656968],[116.2952802,-3.8625891],[116.293993,-3.8578086],[116.2973409,-3.8488489],[116.2915258,-3.8434671],[116.2857333,-3.841826],[116.2832304,-3.8362962],[116.2740768,-3.825415],[116.2713236,-3.8159963],[116.2753641,-3.8118935],[116.273612,-3.8071841],[116.2775094,-3.7984431],[116.2798336,-3.7964095],[116.2848037,-3.7972658],[116.2864127,-3.7959814],[116.2907392,-3.7906654],[116.2927415,-3.7846358],[116.296639,-3.7858488],[116.3027175,-3.7810323],[116.3066507,-3.781068],[116.3142667,-3.774182],[116.3159473,-3.7658332],[116.3283547,-3.7396801],[116.3318588,-3.7395374],[116.3335036,-3.735006],[116.3389027,-3.7277629],[116.3363283,-3.7254794],[116.3290698,-3.7246944],[116.3247433,-3.7275132],[116.3150891,-3.7290117],[116.3109414,-3.7240165],[116.3047556,-3.7215902],[116.3038975,-3.7175582],[116.2997497,-3.7115281],[116.2994279,-3.7073178],[116.302503,-3.6987899],[116.3014303,-3.6943653],[116.3049701,-3.6879426],[116.3048271,-3.6851237],[116.3046034,-3.682709],[116.2994928,-3.6815021],[116.2960207,-3.6767135],[116.2973081,-3.6608291],[116.2958257,-3.6580259],[116.2970741,-3.6560793],[116.2989076,-3.6560014],[116.296918,-3.6530036],[116.2972691,-3.6499279],[116.2988296,-3.645762],[116.3010533,-3.645762],[116.3012874,-3.644633],[116.3007022,-3.6396495],[116.2975812,-3.6361844],[116.2976202,-3.6290595],[116.2952795,-3.628164],[116.2902079,-3.6194427],[116.2896227,-3.610955],[116.2929388,-3.6023114],[116.306359,-3.5896963],[116.2916123,-3.5659842],[116.2802598,-3.5634922],[116.2790504,-3.5621684],[116.2725744,-3.5523952],[116.2710919,-3.5439457],[116.2749151,-3.5298113],[116.2750321,-3.5273192],[116.2727694,-3.5242431],[116.277802,-3.5219846],[116.2895837,-3.512873],[116.2912612,-3.5107703],[116.2909101,-3.5073047],[116.3035891,-3.5041117],[116.3134982,-3.5073047],[116.3140444,-3.4739332],[116.3110014,-3.4585515],[116.3047008,-3.443843],[116.2872378,-3.4225164],[116.2734097,-3.4111355],[116.256402,-3.3940452],[116.2527334,-3.3879414],[116.2495914,-3.3737242],[116.2510182,-3.3605084],[116.2555805,-3.3534653],[116.2558627,-3.3462187],[116.2628634,-3.3339368],[116.2648339,-3.3089576],[116.2684971,-3.3029122],[116.2689457,-3.2976131],[116.2664786,-3.2913437],[116.273506,-3.2807453],[116.2717118,-3.2700722],[116.2741041,-3.265594],[116.2771692,-3.2646983],[116.2727584,-3.2605186],[116.2729079,-3.2588019],[116.2700671,-3.2553685],[116.2699176,-3.2512634],[116.2714128,-3.2411871],[116.2747769,-3.232081],[116.2811058,-3.2226298],[116.28158,-3.2164064],[116.2801596,-3.2143911],[116.2728332,-3.2205863],[116.2676748,-3.2214074],[116.2630397,-3.2140179],[116.257059,-3.2099126],[116.255489,-3.2102111],[116.249583,-3.2143164],[116.2465927,-3.2187949],[116.2388177,-3.2215567],[116.2335846,-3.226259],[116.226931,-3.2359623],[116.2192308,-3.2393957],[116.2141472,-3.2457401],[116.1937426,-3.2595005],[116.1879723,-3.266354],[116.1835949,-3.2680425],[116.1678759,-3.2805574],[116.156236,-3.2876094],[116.1427057,-3.2932708],[116.1384278,-3.3057854],[116.137234,-3.3018125],[116.1252955,-3.2985349],[116.1153468,-3.3036003],[116.1119643,-3.3182998],[116.1052986,-3.3356807],[116.1051991,-3.3397527],[116.0995284,-3.3456124],[116.0978371,-3.3497838],[116.0987325,-3.3515715],[116.1032094,-3.3531605],[116.1032094,-3.3569346],[116.0931612,-3.3748113],[116.0911715,-3.3869276],[116.0840084,-3.4001362],[116.0784371,-3.4066908],[116.0779397,-3.4174163],[116.0801284,-3.4178135],[116.0795315,-3.4221832],[116.0697412,-3.4331381],[116.0726173,-3.4396774],[116.0714988,-3.4431863],[116.0734162,-3.4478116],[116.0687825,-3.4494066],[116.0614325,-3.4495661],[116.0555205,-3.4602521],[116.0468922,-3.4677482],[116.0379444,-3.4824212],[116.0376248,-3.484654],[116.0395422,-3.4856109],[116.0414596,-3.4897576],[116.0414596,-3.4986888],[116.0390628,-3.5041113],[116.0410335,-3.5055781],[116.0417201,-3.5096902],[116.0393824,-3.5175079],[116.0457737,-3.5293095],[116.0452944,-3.5449384],[116.0424183,-3.5517959],[116.0392226,-3.5549854],[116.0401813,-3.5648728],[116.0312335,-3.5913451],[116.0283574,-3.5926209],[116.0267596,-3.5962886],[116.0178117,-3.6015511],[116.0141367,-3.6098434],[116.0101421,-3.6119164],[116.0090236,-3.6143084],[116.009503,-3.6279426],[116.0042301,-3.6316899],[116.0051888,-3.6344008],[116.0029519,-3.6380684],[116.0056682,-3.6404603],[116.0085443,-3.6406198],[116.0107812,-3.6436495],[116.0077454,-3.6454036],[116.0106215,-3.6513036],[116.0106215,-3.6548117],[116.0067867,-3.6662926],[116.0077454,-3.6696411],[116.0115802,-3.672033],[116.0082247,-3.6753815],[116.0050291,-3.6819191],[116.0120595,-3.6887756],[116.0150954,-3.6978643],[116.0150954,-3.7064746],[116.0174921,-3.7058368],[116.0210074,-3.708388],[116.0245226,-3.7216221],[116.0251617,-3.7267244],[116.0237237,-3.7297538],[116.0296356,-3.7337399],[116.0293161,-3.7359721],[116.0321922,-3.7418715],[116.0428976,-3.7519163],[116.0550412,-3.7670631],[116.0681434,-3.7905001],[116.0767717,-3.8107479],[116.0815651,-3.8338649],[116.0769314,-3.8376911],[116.0783695,-3.8411985],[116.0770912,-3.8435898],[116.0782097,-3.8472566],[116.0684629,-3.8494885],[116.0628705,-3.8472566],[116.0615923,-3.848532],[116.0615923,-3.8502856],[116.0652673,-3.8525175],[116.0660662,-3.8547494],[116.0660662,-3.8561842],[116.0614325,-3.8584161],[116.06175240930665,-3.866385875]]],[[[116.0206538,-3.4287664],[116.0163161,-3.4347307],[116.015342,-3.4422529],[116.0164929,-3.4474239],[116.0216195,-3.4542701],[116.0261919,-3.4567596],[116.0320806,-3.4522647],[116.0347825,-3.4472165],[116.0329812,-3.4364976],[116.040879,-3.4214911],[116.0398398,-3.4199696],[116.0304179,-3.420592],[116.0206538,-3.4287664]]],[[[116.3454478,-3.5987635],[116.3419615,-3.5959167],[116.3356228,-3.5946514],[116.3320308,-3.5921209],[116.3336155,-3.5948623],[116.3352002,-3.6075147],[116.3348832,-3.6089908],[116.3312913,-3.6097288],[116.3304461,-3.6113104],[116.3347776,-3.6108886],[116.3348832,-3.6157387],[116.3381582,-3.6186908],[116.342701,-3.6179528],[116.3452893,-3.610625],[116.3517865,-3.6034027],[116.3503075,-3.6009776],[116.3454478,-3.5987635]]],[[[116.3675299,-3.6511423],[116.3690537,-3.6522023],[116.374037,-3.6499695],[116.3765648,-3.6521264],[116.3792959,-3.6523742],[116.3817788,-3.6508874],[116.3840134,-3.6484096],[116.3847583,-3.6445689],[116.3832686,-3.6389937],[116.3864963,-3.6278431],[116.3887309,-3.6263564],[116.3989108,-3.6270997],[116.3986625,-3.6139667],[116.4023868,-3.6057894],[116.4013937,-3.6030636],[116.4028834,-3.5973642],[116.4018903,-3.5899302],[116.4078492,-3.5678755],[116.4083458,-3.5579632],[116.4061112,-3.5527591],[116.4058629,-3.54359],[116.4071043,-3.5304558],[116.4080975,-3.5247559],[116.4167876,-3.5079041],[116.420512,-3.4801473],[116.4202637,-3.4608163],[116.4296987,-3.4340496],[116.4321816,-3.4310755],[116.4346644,-3.4214095],[116.4314367,-3.4139741],[116.4311884,-3.4055472],[116.4346644,-3.3936503],[116.4346644,-3.3862146],[116.4311884,-3.368121],[116.4274641,-3.3639073],[116.4220017,-3.3651466],[116.4083458,-3.3604373],[116.4058629,-3.3673774],[116.4088424,-3.3708474],[116.405118,-3.3765482],[116.4061112,-3.3800182],[116.4028834,-3.3834882],[116.4004005,-3.3827446],[116.3994074,-3.3839839],[116.399904,-3.3901803],[116.3971728,-3.400838],[116.3929519,-3.4060429],[116.3907172,-3.4127348],[116.3628327,-3.4309205],[116.3494114,-3.4449001],[116.3389078,-3.459462],[116.3406584,-3.4658691],[116.3400749,-3.4728587],[116.3359902,-3.4833429],[116.3348231,-3.4938271],[116.3272372,-3.5159598],[116.3225689,-3.5223666],[116.3173171,-3.5439163],[116.3138159,-3.549158],[116.3124154,-3.5550637],[116.3121181,-3.5578321],[116.3136845,-3.5593955],[116.3209292,-3.5570504],[116.3332647,-3.5592001],[116.3393345,-3.5630108],[116.3420757,-3.5672124],[116.3500057,-3.588904],[116.347754,-3.5940825],[116.3563692,-3.6018014],[116.3494183,-3.6109859],[116.3521595,-3.6154804],[116.355586,-3.6327741],[116.358523,-3.6374639],[116.3596978,-3.6464526],[116.3610684,-3.6465503],[116.3610684,-3.6527055],[116.3675299,-3.6511423]]],[[[116.0448279,-3.3572437],[116.0404633,-3.3575203],[116.0330505,-3.3645054],[116.032912,-3.3772307],[116.028686,-3.392722],[116.0255684,-3.3982546],[116.0261226,-3.4051703],[116.0367223,-3.3981854],[116.0365837,-3.3923762],[116.0449665,-3.3669952],[116.0457978,-3.3596642],[116.0448279,-3.3572437]]],[[[116.0671496,-3.3481141],[116.0579045,-3.353927],[116.0564744,-3.369122],[116.053614,-3.3784531],[116.0581088,-3.3843168],[116.0606627,-3.3841128],[116.0698567,-3.3775353],[116.0725128,-3.3501537],[116.0722063,-3.348675],[116.0671496,-3.3481141]]],[[[114.35316867217293,-3.446789007787002],[114.3570092,-3.447315],[114.3598329,-3.4457774],[114.3682925,-3.4452859],[114.3698286,-3.4459343],[114.3703334,-3.4487691],[114.3729913,-3.4460309],[114.3777752,-3.4455695],[114.3800778,-3.4471214],[114.3821302,-3.4464835],[114.3839177,-3.4489351],[114.3898059,-3.451527],[114.3933969,-3.4506359],[114.3954382,-3.4539899],[114.3939045,-3.4524403],[114.3921067,-3.4537232],[114.3936299,-3.4591363],[114.3902978,-3.4591271],[114.3909731,-3.461101],[114.3896452,-3.4632465],[114.3910533,-3.4640231],[114.3933645,-3.4624841],[114.3959502,-3.4542488],[114.3982619,-3.4524522],[114.3978433,-3.449963],[114.3997206,-3.4491955],[114.3974804,-3.4570864],[114.3990158,-3.4579916],[114.4002999,-3.4570942],[114.4010617,-3.459672],[114.4031096,-3.4607079],[114.4041377,-3.4596805],[114.4049017,-3.4614856],[114.4068724,-3.4584877],[114.4059262,-3.4617459],[114.4069482,-3.4630365],[114.4099476,-3.4587538],[114.4087459,-3.4617536],[114.4110513,-3.4622753],[114.4082311,-3.4625249],[114.4059053,-3.4694731],[114.4074452,-3.4687047],[114.4100037,-3.4705147],[114.4135919,-3.4706529],[114.4233123,-3.478021],[114.4294588,-3.4800985],[114.4313626,-3.4868008],[114.4308387,-3.4909207],[114.4284019,-3.4916867],[114.4230249,-3.489482],[114.4209718,-3.4903784],[114.4248058,-3.4943809],[114.4289062,-3.4947791],[114.4306935,-3.4973597],[114.4432426,-3.5016438],[114.4730686,-3.5027824],[114.4846287,-3.5000288],[114.4992907,-3.5108161],[114.513692,-3.5432302],[114.5199322,-3.5468159],[114.5268181,-3.5467558],[114.5590702,-3.5602006],[114.5635621,-3.5674254],[114.5705217,-3.5728815],[114.5887684,-3.5963297],[114.5988964,-3.6122626],[114.6119427,-3.6396734],[114.6200108,-3.6693105],[114.6231007,-3.7006595],[114.6213841,-3.7212157],[114.6131443,-3.7373177],[114.6107411,-3.7460538],[114.6071362,-3.7847655],[114.6081661,-3.7926447],[114.6035313,-3.8027505],[114.6040463,-3.8304979],[114.6078228,-3.8532776],[114.6101073,-3.8883109],[114.6179678,-3.9191214],[114.6170825,-3.9213729],[114.6260812,-3.9592681],[114.6298154,-3.9681254],[114.6268096,-3.9736966],[114.6351759,-4.0082414],[114.6385493,-4.0391652],[114.6382428,-4.0564247],[114.6369474,-4.0608005],[114.6352736,-4.063114],[114.627063,-4.0634759],[114.6244896,-4.0661737],[114.6275531,-4.0713349],[114.629109,-4.1524883],[114.6270464,-4.1558312],[114.6267937,-4.1545424],[114.618949,-4.1607013],[114.6224004,-4.1650912],[114.6318746,-4.171431],[114.6462293,-4.1761114],[114.6623875,-4.1783499],[114.6759863,-4.1785189],[114.6924166,-4.1756051],[114.7075689,-4.1710124],[114.7486804,-4.1512935],[114.7772107,-4.1341124],[114.7774723,-4.1323097],[114.7810653,-4.1320621],[114.7813254,-4.1307747],[114.8250116,-4.1069344],[114.8787128,-4.0795098],[114.9308622,-4.0559407],[114.9419145,-4.0484966],[115.0046085,-4.0141246],[115.0500745,-3.9936198],[115.0811524,-3.9808087],[115.1227475,-3.9691791],[115.1368796,-3.9605787],[115.1741222,-3.9441686],[115.1741245,-3.9431377],[115.1913348,-3.9346711],[115.2218969,-3.92198],[115.2496262,-3.913921],[115.2509214,-3.9079962],[115.2539953,-3.9105799],[115.256819,-3.9100703],[115.2686377,-3.9026209],[115.3780222,-3.8609805],[115.4248949,-3.8393879],[115.455686,-3.8223027],[115.4741004,-3.8156272],[115.4769606,-3.8133509],[115.4792477,-3.8129129],[115.4841322,-3.8156291],[115.4870176,-3.8151236],[115.5108142,-3.8035518],[115.5261572,-3.7989647],[115.5265527,-3.7945176],[115.5295826,-3.7917737],[115.5301876,-3.7931706],[115.5356764,-3.7930581],[115.5798576,-3.7740968],[115.5900453,-3.7716233],[115.5900302,-3.7704468],[115.5948243,-3.7712188],[115.6078361,-3.7684257],[115.6332754,-3.7512463],[115.6608484,-3.7416098],[115.6619896,-3.7387991],[115.6705319,-3.7400847],[115.6833188,-3.7366073],[115.7052813,-3.7347764],[115.7157587,-3.7317825],[115.7175574,-3.7307267],[115.7166651,-3.72948],[115.7180048,-3.7255359],[115.7329243,-3.7107234],[115.7681782,-3.6917161],[115.788371,-3.6776753],[115.7911633,-3.6667378],[115.7977216,-3.6600859],[115.7982823,-3.6568369],[115.8130124,-3.6455756],[115.8153223,-3.6422878],[115.8226685,-3.6380931],[115.8453885,-3.628721],[115.8467138,-3.6268315],[115.8588691,-3.6232791],[115.9232527,-3.6121305],[115.9619423,-3.6107324],[115.9668272,-3.6096742],[115.9708233,-3.6068826],[115.9834507,-3.5816324],[115.9934865,-3.5717861],[115.996136,-3.565457],[115.993487,-3.5613488],[115.9887343,-3.5608088],[115.9878472,-3.5680027],[115.9842543,-3.5715],[115.9820143,-3.5713672],[115.9796635,-3.569198],[115.9814599,-3.5638635],[115.9741855,-3.5623361],[115.9770908,-3.5653465],[115.9775566,-3.5682241],[115.9730766,-3.5620484],[115.9769578,-3.5608309],[115.9820143,-3.5623804],[115.9828349,-3.5656564],[115.9813712,-3.5689988],[115.9838551,-3.5698842],[115.9868935,-3.565103],[115.9862282,-3.5601226],[115.9918614,-3.5588609],[115.9931067,-3.5560841],[115.9913269,-3.5502261],[115.9920085,-3.5279651],[115.9908725,-3.5263777],[115.9930309,-3.517647],[115.9977643,-3.5068753],[116.0146123,-3.4830512],[116.0145231,-3.4770049],[116.0130738,-3.4756499],[116.0110809,-3.4663044],[116.0107794,-3.4631367],[116.012233,-3.4625963],[116.0100364,-3.4622012],[116.010621,-3.460381],[116.0093812,-3.4599875],[116.0077688,-3.4535999],[116.0080292,-3.451306],[116.0096375,-3.4516715],[116.0087409,-3.4502064],[116.0098209,-3.4510262],[116.0094016,-3.4500367],[116.0078857,-3.4498798],[116.0064374,-3.4446615],[116.0068236,-3.44311],[116.0083373,-3.4429708],[116.0073867,-3.4427037],[116.0068544,-3.4325376],[116.0084837,-3.4329718],[116.0092824,-3.4316015],[116.008063,-3.4304581],[116.010004,-3.428496],[116.0092384,-3.4277845],[116.0131714,-3.4174459],[116.0160815,-3.4167462],[116.0166523,-3.4145092],[116.0174339,-3.415752],[116.0172279,-3.4144766],[116.0195623,-3.4145499],[116.0199483,-3.4129477],[116.0213022,-3.4134581],[116.0238771,-3.4107263],[116.022784,-3.3952265],[116.0312493,-3.376055],[116.0308336,-3.3663036],[116.0322192,-3.3631222],[116.0352674,-3.3589727],[116.0494003,-3.3517108],[116.0520329,-3.3443107],[116.0615821,-3.3319499],[116.0635742,-3.3204258],[116.0720531,-3.3086975],[116.0739941,-3.2994678],[116.0755775,-3.2971731],[116.0797659,-3.2958983],[116.0854926,-3.2824887],[116.0997884,-3.2810591],[116.1104636,-3.2756537],[116.1419015,-3.2672844],[116.1652702,-3.2526549],[116.176303,-3.2511761],[116.1794188,-3.2429657],[116.1813086,-3.2414358],[116.1827899,-3.2427617],[116.1849328,-3.242123],[116.186825,-3.2385291],[116.1863653,-3.2354693],[116.1829942,-3.2345513],[116.1830964,-3.2272078],[116.1812576,-3.2230771],[116.1783972,-3.204973],[116.167413,-3.1757891],[116.1679223,-3.1673683],[116.1776747,-3.1602668],[116.1804398,-3.1616779],[116.187199,-3.1545609],[116.1908858,-3.1467075],[116.2067392,-3.1292213],[116.2131297,-3.1268898],[116.2282457,-3.1252946],[116.2386917,-3.1279329],[116.2518414,-3.1234539],[116.2556511,-3.1258468],[116.2619802,-3.1266444],[116.265667,-3.1254786],[116.2692924,-3.129344],[116.2737228,-3.1297193],[116.2739623,-3.1222881],[116.2716888,-3.1159071],[116.2695996,-3.1139437],[116.2436075,-3.1014269],[116.2386302,-3.0978068],[116.2363567,-3.094064],[116.2275843,-3.0924089],[116.220872,-3.0884805],[116.2176768,-3.0813629],[116.212208,-3.0774974],[116.2058175,-3.0777428],[116.1964161,-3.0748589],[116.1819705,-3.0585947],[116.1818531,-3.0509902],[116.187199,-3.0423384],[116.1799482,-3.0365704],[116.1742336,-3.0364477],[116.1727589,-3.0327047],[116.1738035,-3.0104918],[116.1772673,-2.9981758],[116.1692564,-2.9950284],[116.1652624,-2.996317],[116.1629274,-2.9934329],[116.1455609,-2.9874797],[116.1361877,-2.9747382],[116.1334844,-2.9745132],[116.1299927,-2.9767629],[116.1270078,-2.9846369],[116.1234034,-2.9877302],[116.122446,-2.9908797],[116.1107881,-2.9962789],[116.0976659,-2.9935793],[116.0897356,-2.995188],[116.085055,-2.9904005],[116.1005944,-2.9778878],[116.1138856,-2.9733321],[116.1226615,-2.9604639],[116.1205875,-2.9551093],[116.10724,-2.9499912],[116.103354,-2.9450979],[116.1017208,-2.9333428],[116.1070711,-2.9195066],[116.105832,-2.9171442],[116.1248784,-2.894998],[116.132304,-2.8893147],[116.1307472,-2.8756316],[116.1199771,-2.8712897],[116.1203177,-2.8678884],[116.1242341,-2.8662727],[116.1286613,-2.8645721],[116.1301938,-2.8666979],[116.1318115,-2.8666129],[116.13394,-2.859215],[116.1341954,-2.8514769],[116.1318115,-2.8412728],[116.1287465,-2.8365959],[116.1295979,-2.8337047],[116.1317264,-2.8322591],[116.1219353,-2.8212895],[116.1243192,-2.8192486],[116.1291722,-2.8189084],[116.1329183,-2.8139763],[116.1380267,-2.8162723],[116.1346211,-2.8262215],[116.1448378,-2.8389768],[116.1432202,-2.8437388],[116.1454338,-2.8455245],[116.1478177,-2.8453544],[116.1486691,-2.8526674],[116.1512233,-2.8552184],[116.1503719,-2.8655074],[116.1520747,-2.8694189],[116.1542883,-2.8701842],[116.1531815,-2.8734155],[116.1548843,-2.8792827],[116.1524152,-2.8893164],[116.1548879,-2.9001454],[116.160021,-2.9029666],[116.161402,-2.9065777],[116.1664278,-2.9071008],[116.1715157,-2.9118361],[116.1730546,-2.9170144],[116.1794044,-2.9223931],[116.18281,-2.9242637],[116.1868967,-2.9233284],[116.1917496,-2.92809],[116.2016258,-2.9337018],[116.2086638,-2.9416347],[116.2095145,-2.9450979],[116.2073743,-2.9553906],[116.2088386,-2.974232],[116.2125557,-2.9880676],[116.2128936,-2.9926795],[116.2111981,-2.9979308],[116.2144142,-3.0021843],[116.221454,-3.0068523],[116.2312523,-3.0045011],[116.2369416,-3.0070772],[116.2434182,-3.0046026],[116.2563715,-3.0034778],[116.2660494,-3.0045011],[116.270674,-3.0017638],[116.2858829,-2.9802197],[116.3020837,-2.9635454],[116.3172193,-2.9452122],[116.3261369,-2.9263163],[116.3421724,-2.8980015],[116.3522565,-2.8876],[116.3556292,-2.8871352],[116.3640765,-2.8788495],[116.359861,-2.8637422],[116.3655643,-2.832619],[116.3712224,-2.8163392],[116.3722484,-2.8027956],[116.3703372,-2.8030683],[116.3688552,-2.8013932],[116.3619127,-2.7790323],[116.3594165,-2.7564372],[116.3607816,-2.720518],[116.3667256,-2.6834912],[116.366398,-2.6768525],[116.3686445,-2.6622658],[116.3783328,-2.6364582],[116.4068826,-2.5928364],[116.4115727,-2.5883925],[116.4155411,-2.5788566],[116.3956499,-2.5823633],[116.3935905,-2.584701],[116.3916248,-2.5844673],[116.3848321,-2.5736178],[116.3779115,-2.5688041],[116.3753374,-2.5653442],[116.362841,-2.564035],[116.3590031,-2.5616037],[116.3589563,-2.549821],[116.357365,-2.5498678],[116.3427625,-2.5633804],[116.3294236,-2.582223],[116.323152,-2.5800722],[116.3242753,-2.5648298],[116.3206247,-2.5579099],[116.322684,-2.5530472],[116.3173017,-2.5413113],[116.3118725,-2.5351861],[116.3169826,-2.5306478],[116.3280195,-2.5314455],[116.3359292,-2.5344848],[116.3534928,-2.5183833],[116.3616241,-2.5246657],[116.3778647,-2.5227487],[116.3873657,-2.52345],[116.398458,-2.5284063],[116.4101588,-2.5197562],[116.414137,-2.5135841],[116.4175069,-2.5032506],[116.421989,-2.5007328],[116.4245273,-2.4996969],[116.450503,-2.5023154],[116.4605188,-2.5041857],[116.4731088,-2.5096097],[116.4758946,-2.5121298],[116.4778827,-2.5188678],[116.4754022,-2.5227487],[116.4780231,-2.526349],[116.4794272,-2.5401891],[116.4765722,-2.5482781],[116.4784444,-2.5471091],[116.4807377,-2.5518783],[116.482095,-2.5603412],[116.4795208,-2.5623985],[116.4794272,-2.5660923],[116.4810603,-2.5715638],[116.4962763,-2.5658117],[116.5120957,-2.5617907],[116.5168228,-2.5566475],[116.517244,-2.5511302],[116.5312979,-2.5370088],[116.5287576,-2.5342042],[116.529834,-2.5253203],[116.5233752,-2.5182132],[116.5288044,-2.4925896],[116.5468125,-2.4586283],[116.5444772,-2.457946],[116.5468676,-2.4403222],[116.5526377,-2.4276394],[116.55382611470193,-2.41914538446844],[116.5515364,-2.416587],[116.5275266,-2.4042178],[116.4821472,-2.3844658],[116.4347532,-2.3708151],[116.3856963,-2.360616],[116.3580091,-2.3571577],[116.3454588,-2.3581252],[116.3230664,-2.3632922],[116.3106612,-2.3625417],[116.2922209,-2.357017],[116.2837677,-2.35913],[116.2437742,-2.3620108],[116.2304074,-2.3575061],[116.2214506,-2.3513981],[116.2169416,-2.3457309],[116.2082595,-2.3390991],[116.197975,-2.3355757],[116.1761778,-2.3387271],[116.1116254,-2.3336959],[116.0893249,-2.3291424],[116.0571135,-2.3311663],[116.0337735,-2.3206875],[116.0237778,-2.3218381],[116.0163825,-2.3249597],[116.0114324,-2.3248478],[116.0040838,-2.3153146],[115.9972349,-2.3162839],[115.991127,-2.3130032],[115.9762953,-2.2970666],[115.9669112,-2.2926219],[115.9610212,-2.2942954],[115.9589689,-2.2983254],[115.9584501,-2.3057127],[115.9612045,-2.3154556],[115.9598923,-2.3196497],[115.9340817,-2.3246761],[115.9304886,-2.3275373],[115.9246062,-2.3377926],[115.917984,-2.3445107],[115.9144668,-2.3452469],[115.901802,-2.3375244],[115.8958969,-2.338402],[115.8928146,-2.3461651],[115.8899076,-2.3619857],[115.8906859,-2.3771335],[115.8883282,-2.3791736],[115.877304,-2.3758207],[115.8735045,-2.3766111],[115.8684919,-2.3803386],[115.8570172,-2.3935967],[115.8522184,-2.3969264],[115.847038,-2.3952097],[115.8431702,-2.3911983],[115.8355864,-2.3866929],[115.83271,-2.3722567],[115.8240279,-2.3583003],[115.8285826,-2.3458187],[115.8279343,-2.3404555],[115.8245542,-2.334437],[115.8176343,-2.3281785],[115.8161619,-2.3245321],[115.8165662,-2.3209249],[115.820564,-2.3138861],[115.8235473,-2.311449],[115.8330078,-2.3084063],[115.8355407,-2.3060226],[115.8362654,-2.3013215],[115.8345259,-2.299004],[115.8233108,-2.2987526],[115.8177718,-2.2937348],[115.8104246,-2.2765612],[115.8065337,-2.2716362],[115.803711,-2.2649136],[115.8092956,-2.2530576],[115.8090742,-2.2451628],[115.8057403,-2.2389727],[115.7976684,-2.2357691],[115.7939604,-2.2259524],[115.7865523,-2.2179477],[115.7826614,-2.2080404],[115.7812041,-2.1977113],[115.7822722,-2.1891135],[115.7891004,-2.1804421],[115.7903974,-2.1756785],[115.7895964,-2.1592105],[115.7923965,-2.1353691],[115.791786,-2.1044329],[115.7938383,-2.1009634],[115.8077163,-2.0959741],[115.8120421,-2.0922004],[115.818283,-2.0663019],[115.816879,-2.0634063],[115.8136671,-2.0623165],[115.8080518,-2.0634748],[115.803253,-2.0617045],[115.7940824,-2.0534173],[115.7887573,-2.0510945],[115.7858658,-2.0516419],[115.7799528,-2.0559016],[115.778404,-2.0512783],[115.7762296,-2.0502352],[115.7705078,-2.0520806],[115.7644195,-2.0518186],[115.7583618,-2.057968],[115.7547834,-2.058867],[115.7429732,-2.0565713],[115.7353592,-2.057582],[115.7303466,-2.0529631],[115.7249984,-2.044446],[115.7102737,-2.0419018],[115.7064894,-2.0357745],[115.7063979,-2.0333147],[115.7092743,-2.0278479],[115.7247162,-2.0165307],[115.7296521,-2.0077212],[115.7292936,-2.0022316],[115.7172087,-1.9920231],[115.7119444,-1.9894201],[115.7010573,-1.9883916],[115.6999892,-1.9866991],[115.7026672,-1.9789352],[115.7089615,-1.9687441],[115.7246017,-1.9354987],[115.7250592,-1.9289072],[115.7222822,-1.9243365],[115.7219085,-1.9206195],[115.7274018,-1.9088267],[115.729408,-1.8963777],[115.7319792,-1.8894728],[115.7281952,-1.8804517],[115.7315979,-1.8709709],[115.7317045,-1.8633481],[115.7235868,-1.8531541],[115.7219467,-1.8476086],[115.7283093,-1.8314493],[115.7259445,-1.8138126],[115.7287215,-1.7976845],[115.726631,-1.7870381],[115.7098158,-1.758918],[115.7007294,-1.7489037],[115.7010422,-1.7307824],[115.6987458,-1.7301732],[115.6902771,-1.7324217],[115.6867293,-1.7315303],[115.6787107,-1.7191573],[115.6703947,-1.7122726],[115.6673203,-1.7065714],[115.6662748,-1.6900759],[115.672203,-1.6762762],[115.676506,-1.6584683],[115.67543,-1.6528604],[115.6684186,-1.639051],[115.6659544,-1.6372388],[115.6552275,-1.6426489],[115.6515732,-1.6422728],[115.6494978,-1.6392495],[115.6462552,-1.6260968],[115.6342543,-1.6149568],[115.6290512,-1.606223],[115.6280058,-1.5831988],[115.6320648,-1.5771551],[115.6379929,-1.5569894],[115.6382902,-1.5511934],[115.6367185,-1.5468505],[115.625412,-1.5450437],[115.6163252,-1.5356623],[115.6130751,-1.535115],[115.6095655,-1.5378317],[115.6068342,-1.5453604],[115.6002958,-1.5473674],[115.5934447,-1.5385318],[115.5870741,-1.5269479],[115.5816421,-1.5236666],[115.5756607,-1.52515],[115.5619353,-1.5400325],[115.5527341,-1.5439436],[115.5430908,-1.5421844],[115.5381393,-1.5364893],[115.5368498,-1.5316858],[115.5373686,-1.5181042],[115.5433579,-1.491012],[115.5537946,-1.4853664],[115.5676345,-1.4845726],[115.571106,-1.4830586],[115.5768966,-1.4674863],[115.5909423,-1.442386],[115.6040571,-1.4363826],[115.6162946,-1.4271677],[115.6330029,-1.4082475],[115.6473615,-1.3877865],[115.6556012,-1.3848055],[115.6628415,-1.3852047],[115.6713714,-1.3893135],[115.6745527,-1.394391],[115.6731717,-1.4008907],[115.6565473,-1.4157962],[115.6541443,-1.4217699],[115.6557996,-1.4293321],[115.6595,-1.4352694],[115.6711424,-1.4437683],[115.6755751,-1.4425812],[115.6788252,-1.4363102],[115.6854934,-1.4286968],[115.7042692,-1.4182346],[115.7078322,-1.4149392],[115.715759,-1.4019744],[115.7231901,-1.3773437],[115.7272718,-1.3741575],[115.7382428,-1.3709724],[115.7451019,-1.3601492],[115.7469559,-1.3497527],[115.7450482,-1.3332017],[115.7494582,-1.3224022],[115.7562637,-1.3112804],[115.7575581,-1.3074467],[115.7571173,-1.3024076],[115.7562961,-1.303257],[115.7541199,-1.3102142],[115.7387695,-1.3226242],[115.7253876,-1.3302949],[115.7085342,-1.3462682],[115.6997833,-1.3589788],[115.6894682,-1.3662667],[115.6767653,-1.3703837],[115.6508104,-1.3677333],[115.6402055,-1.368874],[115.6021805,-1.3918566],[115.581253,-1.3988657],[115.5548171,-1.4113587],[115.5438004,-1.4194791],[115.5243071,-1.4297956],[115.51783,-1.4305523],[115.5018996,-1.4282989],[115.486763,-1.4229709],[115.4779434,-1.425755],[115.4625167,-1.4278767],[115.4458314,-1.4350896],[115.4293214,-1.4346177],[115.412773,-1.4298878],[115.4095916,-1.430153],[115.4005279,-1.4348902],[115.3835982,-1.5211997],[115.3767089,-1.5415479],[115.3699265,-1.5916034],[115.3583449,-1.6265026],[115.3539734,-1.6621722],[115.3395461,-1.7114126],[115.3293152,-1.7521597],[115.3223039,-1.7673729],[115.3190614,-1.7811903],[115.3144303,-1.7916187],[115.3102799,-1.8068834],[115.3101272,-1.8206796],[115.312172,-1.8277473],[115.3301774,-1.8663871],[115.3422774,-1.8829466],[115.3465117,-1.8923718],[115.3502503,-1.9076467],[115.3510132,-1.9304194],[115.3471147,-1.9398074],[115.3410872,-1.946621],[115.3309936,-1.9519376],[115.319553,-1.9617985],[115.3152007,-1.9628293],[115.2970888,-1.9765798],[115.2823028,-1.9935094],[115.2782287,-2.0011978],[115.2798005,-2.0060601],[115.2921982,-2.015595],[115.2987365,-2.0358033],[115.3216782,-2.0735252],[115.3247375,-2.0848682],[115.323822,-2.0933671],[115.3204268,-2.0985236],[115.3257905,-2.1056876],[115.3250122,-2.1092143],[115.300247,-2.1444338],[115.2998122,-2.1471556],[115.3038636,-2.1633341],[115.2976151,-2.1763137],[115.2937699,-2.214478],[115.2912294,-2.2262695],[115.2886046,-2.2271037],[115.2697284,-2.2204443],[115.2647219,-2.2261854],[115.2638972,-2.2224723],[115.2551231,-2.2097601],[115.244622,-2.1997468],[115.2407931,-2.1984446],[115.2404745,-2.2076878],[115.2279893,-2.2242164],[115.2057647,-2.2413252],[115.1349064,-2.2910259],[114.913948,-2.45207],[114.9010391,-2.4582212],[114.8838577,-2.4594498],[114.8757476,-2.4640233],[114.8638536,-2.4770624],[114.862892,-2.4798388],[114.8621216,-2.4882655],[114.8687593,-2.5068827],[114.8677063,-2.5164669],[114.8557912,-2.5259655],[114.8514156,-2.5319169],[114.8435438,-2.551096],[114.839302,-2.5579259],[114.8216953,-2.5718501],[114.8073045,-2.5796208],[114.797592,-2.5923996],[114.7918777,-2.6095426],[114.7915879,-2.6546321],[114.7894286,-2.6776044],[114.7851868,-2.68695],[114.774826,-2.6937621],[114.7716979,-2.6978178],[114.7607957,-2.7218372],[114.7569275,-2.7252047],[114.7479095,-2.7280219],[114.7294465,-2.7388644],[114.7167893,-2.743494],[114.7074203,-2.7441857],[114.6895067,-2.738915],[114.680435,-2.741452],[114.6719513,-2.7484839],[114.6693571,-2.7547285],[114.6716917,-2.7637205],[114.6787798,-2.7746363],[114.6792755,-2.782902],[114.6761705,-2.7900049],[114.6643981,-2.8017976],[114.6593246,-2.804476],[114.6292435,-2.8071738],[114.6191629,-2.8098241],[114.613655,-2.814194],[114.5911104,-2.8209522],[114.5267104,-2.9473841],[114.5043486,-2.985991],[114.4976195,-3.0005851],[114.4802552,-3.1214606],[114.4783174,-3.1268472],[114.4110488,-3.2321785],[114.3976745,-3.2568274],[114.3778532,-3.3201265],[114.3522493,-3.4093206],[114.35316867217293,-3.446789007787002]]]]}},{"type":"Feature","properties":{"province":"Kalimantan Timur","boundary_set":"gwis_legacy_4","display_id":"gwis-kaltim-legacy-display-union","source_shape_iso":["ID-KI","ID-KU"],"source_shape_id":["65028918B68445169823185","65028918B52923737893214"],"source_shape_name":["East Kalimantan","North Kalimantan"],"centroid":{"longitude":116.41162015,"latitude":0.9943388077657798},"geometry_role":"display-only topological union of current East and North Kalimantan; not a claim about a historical legal boundary","source_feature_shape_isos":["ID-KI","ID-KU"],"operation":"topological union","legacy_note":"Legacy Kalimantan Timur display unit includes the current Kalimantan Utara area and receives one GWIS aggregate only."},"geometry":{"type":"MultiPolygon","coordinates":[[[[113.8359298,0.6824271],[113.8403582,0.6681938],[113.8786697,0.6617442],[113.880928,0.6596309],[113.8839646,0.6473568],[113.8864594,0.6450087],[113.8892897,0.6445504],[113.8949356,0.6463732],[113.9005433,0.6535026],[113.9049986,0.6567346],[113.9220961,0.6567334],[113.940094,0.6613619],[113.9615554,0.660922],[113.970146,0.6632358],[113.9741212,0.66776],[113.979294,0.6699259],[113.9887544,0.6658489],[113.9993287,0.6549292],[114.0051118,0.6546185],[114.0098648,0.6647035],[114.012207,0.6668485],[114.0204316,0.6711689],[114.0469132,0.6771529],[114.0657653,0.693734],[114.0745925,0.6950988],[114.0829391,0.6987051],[114.0941466,0.6978393],[114.1022491,0.7022772],[114.1081391,0.7025542],[114.1131136,0.7001001],[114.1215516,0.6910588],[114.1267622,0.6875472],[114.1460647,0.6770429],[114.1549758,0.6682371],[114.1575394,0.6566676],[114.1652754,0.6473815],[114.1725236,0.6248414],[114.1684646,0.6164115],[114.1640168,0.6123569],[114.1553268,0.6076833],[114.1511231,0.6025712],[114.1481171,0.5941515],[114.1482848,0.588004],[114.1530228,0.584962],[114.1719055,0.5822595],[114.1867372,0.5710095],[114.1888046,0.5626309],[114.1878892,0.5485538],[114.1900862,0.5489176],[114.1965025,0.5424599],[114.2122421,0.5346553],[114.2179031,0.5345705],[114.2228776,0.5317727],[114.228401,0.533939],[114.2367782,0.5336489],[114.2479552,0.5368061],[114.2558748,0.5335502],[114.2615358,0.5332303],[114.2702028,0.5409868],[114.2753753,0.5425558],[114.2842331,0.541326],[114.2925185,0.5371213],[114.2979278,0.5388172],[114.3034744,0.5381537],[114.3088762,0.5403198],[114.3128585,0.5442473],[114.3155671,0.5446206],[114.3291701,0.5383328],[114.3558731,0.5315515],[114.3777312,0.5097129],[114.3832856,0.5077385],[114.3922576,0.5070965],[114.4030608,0.4972348],[114.4116745,0.4964748],[114.4220047,0.5022258],[114.4302368,0.5050004],[114.432907,0.5099935],[114.4318237,0.5283177],[114.4259644,0.5385641],[114.4275743,0.5441346],[114.4369508,0.551295],[114.4526825,0.5601613],[114.4588471,0.570971],[114.4754867,0.5686097],[114.4849928,0.5744684],[114.4877015,0.5744891],[114.5074691,0.5650521],[114.518898,0.5662026],[114.5241472,0.5729792],[114.5286637,0.5834165],[114.5358277,0.5874918],[114.5408173,0.5977037],[114.5351714,0.611259],[114.5340652,0.617288],[114.5355224,0.6264023],[114.538437,0.6313866],[114.5406647,0.6329439],[114.5519867,0.6319606],[114.5577546,0.6334218],[114.5620271,0.6296651],[114.5763853,0.6329701],[114.5820542,0.6319451],[114.5871428,0.6287859],[114.5899735,0.6292769],[114.5920486,0.634857],[114.6040877,0.6483032],[114.6097487,0.6485801],[114.6133346,0.6418664],[114.6152192,0.642474],[114.6207503,0.6589515],[114.6331786,0.6677964],[114.6361925,0.6744352],[114.6502458,0.6865997],[114.6582259,0.7074734],[114.6620941,0.7095113],[114.6744767,0.7091348],[114.6804656,0.7124857],[114.6995543,0.7294196],[114.7032014,0.7301555],[114.7056883,0.7292268],[114.7056962,0.7279249],[114.6990434,0.7190042],[114.6952973,0.7161438],[114.6954269,0.7140103],[114.6975707,0.7109567],[114.7110444,0.7073899],[114.7183304,0.7096844],[114.7357026,0.7203333],[114.7564012,0.7422502],[114.7600404,0.7440529],[114.76593,0.7443299],[114.7712936,0.737392],[114.7743684,0.7358762],[114.7836913,0.7349994],[114.7957765,0.7428857],[114.8081054,0.7487743],[114.8134918,0.7540142],[114.8236391,0.7525506],[114.8275526,0.7498603],[114.8385161,0.7348004],[114.843582,0.7204037],[114.8475038,0.7155889],[114.8669435,0.7028338],[114.8764954,0.7018397],[114.8798905,0.7050615],[114.8796385,0.7074208],[114.8757019,0.713664],[114.8651503,0.7212749],[114.8641816,0.7391291],[114.8673247,0.7447103],[114.8765792,0.7522232],[114.8855666,0.7640029],[114.9052885,0.7754949],[114.9093169,0.7874687],[114.9067915,0.7941924],[114.907959,0.7953869],[114.9106752,0.7954077],[114.926346,0.7812023],[114.936142,0.7795033],[114.9438402,0.775298],[114.949318,0.7681252],[114.9578323,0.765349],[114.9616393,0.7604076],[114.9682694,0.757503],[114.9776536,0.7484626],[114.9805145,0.7436288],[114.9859696,0.7241606],[114.9885864,0.7215776],[114.9899141,0.7175649],[114.9901276,0.7053873],[114.9971314,0.6839048],[114.9999314,0.6567224],[115.0075379,0.6184609],[115.0263443,0.5798038],[115.0320665,0.5720435],[115.037834,0.5582442],[115.0493774,0.5443692],[115.066368,0.5275795],[115.0761488,0.5127535],[115.0863419,0.4904694],[115.0910492,0.476669],[115.0949858,0.4703083],[115.1004485,0.4653866],[115.1093902,0.4521961],[115.1308519,0.4362696],[115.1359787,0.4295666],[115.1369629,0.4240166],[115.1322937,0.3875512],[115.1258011,0.3735499],[115.0977859,0.3520598],[115.088333,0.3391043],[115.0828322,0.3342078],[115.0687332,0.3281909],[115.0512466,0.3169543],[115.0526124,0.3082133],[115.0500564,0.3031028],[115.0459441,0.3020139],[115.0433428,0.3029425],[115.0313263,0.3170431],[115.025467,0.3275244],[115.0176622,0.3300752],[114.9962767,0.3215197],[114.9792556,0.3268369],[114.9752502,0.3262181],[114.9671707,0.3195382],[114.9550553,0.3150692],[114.9521026,0.3164675],[114.9504624,0.3301806],[114.9417115,0.3335441],[114.9078676,0.3186388],[114.8897246,0.3018235],[114.8871766,0.2961344],[114.88752,0.2826551],[114.8849564,0.2784939],[114.8757934,0.2741725],[114.8732222,0.2714306],[114.8663866,0.255413],[114.8623963,0.2381143],[114.8559494,0.233226],[114.850998,0.2333025],[114.8353499,0.2288119],[114.8297501,0.2207331],[114.8258056,0.1969343],[114.816101,0.1869258],[114.8020171,0.1787844],[114.8019408,0.1734593],[114.8097686,0.1670121],[114.8109664,0.1643011],[114.810669,0.1579091],[114.8027954,0.1385725],[114.7929991,0.1246674],[114.7891694,0.1165993],[114.7870026,0.1074752],[114.7882615,0.0967181],[114.8088607,0.0712077],[114.8145217,0.0705353],[114.8223953,0.0742587],[114.8263704,0.0783129],[114.8320159,0.0798916],[114.8350907,0.0790809],[114.8489456,0.0711389],[114.8532257,0.0663244],[114.8575363,0.0579571],[114.8608397,0.0578609],[114.8687132,0.0613493],[114.8742601,0.0604417],[114.8793563,0.0570475],[114.8850709,0.0497573],[114.8950195,0.0439178],[114.8958662,0.041324],[114.8897477,0.0244843],[114.8988341,-0.0071488],[114.8956834,-0.0272764],[114.905075,-0.0527526],[114.9151536,-0.0744401],[114.9203873,-0.0812696],[114.9250871,-0.0938857],[114.9268111,-0.1034581],[114.9263838,-0.109371],[114.9208373,-0.1241941],[114.920082,-0.1333077],[114.9325409,-0.1580577],[114.9330827,-0.1672786],[114.9285737,-0.1794879],[114.928627,-0.1830046],[114.9295655,-0.1852729],[114.934532,-0.1876095],[114.9405365,-0.1867357],[114.9488143,-0.1893945],[114.9631196,-0.1790017],[114.978897,-0.1764005],[114.986763,-0.1726861],[114.9898298,-0.1726559],[114.9943388,-0.1758247],[114.9944764,-0.1785368],[114.989189,-0.1809468],[114.9901506,-0.1835405],[114.992874,-0.1845866],[115.0217514,-0.1841332],[115.0358886,-0.1891005],[115.0420763,-0.189664],[115.0559006,-0.1780964],[115.0638199,-0.1655041],[115.0718155,-0.1627207],[115.0821076,-0.1520064],[115.0963592,-0.1500124],[115.1065523,-0.1423631],[115.1188124,-0.1423961],[115.1246567,-0.1353748],[115.1325835,-0.1385131],[115.1438828,-0.1365402],[115.1476211,-0.1318986],[115.1478652,-0.1173521],[115.1537018,-0.1105658],[115.1557618,-0.1016769],[115.1600875,-0.0977489],[115.1715013,-0.0941124],[115.1779327,-0.0880398],[115.1856842,-0.0834847],[115.1950302,-0.0727714],[115.2033005,-0.0749601],[115.2199019,-0.0717704],[115.2289811,-0.0718157],[115.2442778,-0.0532582],[115.2533416,-0.0512965],[115.2570877,-0.0471342],[115.2597884,-0.0461641],[115.271469,-0.046912],[115.2777024,-0.0454503],[115.285576,-0.0418443],[115.295868,-0.0312385],[115.2985763,-0.0303952],[115.300827,-0.0319117],[115.3012237,-0.0528494],[115.3036195,-0.0579189],[115.3180314,-0.0768537],[115.3222502,-0.0891176],[115.3214723,-0.0946875],[115.3079528,-0.1151236],[115.3018721,-0.12191],[115.2964782,-0.1251429],[115.2860641,-0.1361013],[115.2748872,-0.139141],[115.2698746,-0.1463875],[115.2674867,-0.1575189],[115.271118,-0.1854056],[115.258316,-0.2066728],[115.2520067,-0.2135769],[115.2453917,-0.2282926],[115.2380372,-0.237449],[115.238182,-0.2404051],[115.2455292,-0.2454425],[115.2516175,-0.255562],[115.2545623,-0.270449],[115.2529524,-0.2909185],[115.2520294,-0.2938847],[115.2493286,-0.2950807],[115.2386932,-0.2918548],[115.2303314,-0.2925049],[115.2279817,-0.2941707],[115.2275314,-0.297019],[115.2362898,-0.3625909],[115.2402955,-0.3774678],[115.2511596,-0.3794008],[115.2564851,-0.3818456],[115.2582703,-0.3840769],[115.2599868,-0.3927],[115.2598496,-0.4208525],[115.2520751,-0.4366361],[115.2452776,-0.442483],[115.2456588,-0.4451949],[115.2482987,-0.4486006],[115.2586976,-0.4548012],[115.2961045,-0.4892994],[115.316559,-0.5269967],[115.3248671,-0.5500058],[115.3329851,-0.5623654],[115.3473358,-0.5738509],[115.3523484,-0.5819735],[115.3546754,-0.5934256],[115.3542326,-0.6117604],[115.36277,-0.6493158],[115.3681182,-0.6853464],[115.3664856,-0.7330192],[115.3688735,-0.7676605],[115.3766023,-0.7910229],[115.3846282,-0.8078757],[115.3898773,-0.8156454],[115.3966446,-0.8213886],[115.41024,-0.8261396],[115.4467012,-0.8306058],[115.4716186,-0.8352733],[115.486389,-0.8395439],[115.500595,-0.8473681],[115.531128,-0.8778953],[115.5382844,-0.8877785],[115.5556105,-0.9182826],[115.5777206,-0.9416579],[115.5959852,-0.9558427],[115.6311418,-0.9733287],[115.6517946,-0.9916245],[115.6565704,-0.9991597],[115.6593629,-1.0245701],[115.665619,-1.0413161],[115.6735001,-1.0539201],[115.678238,-1.0568355],[115.6809463,-1.0569414],[115.6891709,-1.053326],[115.6982652,-1.0552698],[115.7075194,-1.0624208],[115.7273712,-1.0833303],[115.7340013,-1.0873016],[115.7395478,-1.0877391],[115.7436904,-1.0899499],[115.745369,-1.0934922],[115.7478638,-1.1114534],[115.7543791,-1.1303238],[115.7565233,-1.1330338],[115.7613754,-1.1355966],[115.7670364,-1.1354374],[115.783043,-1.1169877],[115.796669,-1.1109802],[115.8073272,-1.1163399],[115.8170929,-1.1290414],[115.8470003,-1.1547323],[115.8485566,-1.1575516],[115.8483506,-1.1620539],[115.8409958,-1.1714454],[115.8144836,-1.1880792],[115.7950285,-1.203829],[115.7800446,-1.2175405],[115.7702407,-1.2299087],[115.7667541,-1.2364394],[115.7563019,-1.2728291],[115.7542038,-1.2912922],[115.7562961,-1.303257],[115.7571173,-1.3024076],[115.7575581,-1.3074467],[115.7562637,-1.3112804],[115.7494582,-1.3224022],[115.7450482,-1.3332017],[115.7469559,-1.3497527],[115.7451019,-1.3601492],[115.7382428,-1.3709724],[115.7272718,-1.3741575],[115.7231901,-1.3773437],[115.715759,-1.4019744],[115.7078322,-1.4149392],[115.7042692,-1.4182346],[115.6854934,-1.4286968],[115.6788252,-1.4363102],[115.6755751,-1.4425812],[115.6711424,-1.4437683],[115.6595,-1.4352694],[115.6557996,-1.4293321],[115.6541443,-1.4217699],[115.6565473,-1.4157962],[115.6731717,-1.4008907],[115.6745527,-1.394391],[115.6713714,-1.3893135],[115.6628415,-1.3852047],[115.6556012,-1.3848055],[115.6473615,-1.3877865],[115.6330029,-1.4082475],[115.6162946,-1.4271677],[115.6040571,-1.4363826],[115.5909423,-1.442386],[115.5768966,-1.4674863],[115.571106,-1.4830586],[115.5676345,-1.4845726],[115.5537946,-1.4853664],[115.5433579,-1.491012],[115.5373686,-1.5181042],[115.5368498,-1.5316858],[115.5381393,-1.5364893],[115.5430908,-1.5421844],[115.5527341,-1.5439436],[115.5619353,-1.5400325],[115.5756607,-1.52515],[115.5816421,-1.5236666],[115.5870741,-1.5269479],[115.5934447,-1.5385318],[115.6002958,-1.5473674],[115.6068342,-1.5453604],[115.6095655,-1.5378317],[115.6130751,-1.535115],[115.6163252,-1.5356623],[115.625412,-1.5450437],[115.6367185,-1.5468505],[115.6382902,-1.5511934],[115.6379929,-1.5569894],[115.6320648,-1.5771551],[115.6280058,-1.5831988],[115.6290512,-1.606223],[115.6342543,-1.6149568],[115.6462552,-1.6260968],[115.6494978,-1.6392495],[115.6515732,-1.6422728],[115.6552275,-1.6426489],[115.6659544,-1.6372388],[115.6684186,-1.639051],[115.67543,-1.6528604],[115.676506,-1.6584683],[115.672203,-1.6762762],[115.6662748,-1.6900759],[115.6673203,-1.7065714],[115.6703947,-1.7122726],[115.6787107,-1.7191573],[115.6867293,-1.7315303],[115.6902771,-1.7324217],[115.6987458,-1.7301732],[115.7010422,-1.7307824],[115.7007294,-1.7489037],[115.7098158,-1.758918],[115.726631,-1.7870381],[115.7287215,-1.7976845],[115.7259445,-1.8138126],[115.7283093,-1.8314493],[115.7219467,-1.8476086],[115.7235868,-1.8531541],[115.7317045,-1.8633481],[115.7315979,-1.8709709],[115.7281952,-1.8804517],[115.7319792,-1.8894728],[115.729408,-1.8963777],[115.7274018,-1.9088267],[115.7219085,-1.9206195],[115.7222822,-1.9243365],[115.7250592,-1.9289072],[115.7246017,-1.9354987],[115.7089615,-1.9687441],[115.7026672,-1.9789352],[115.6999892,-1.9866991],[115.7010573,-1.9883916],[115.7119444,-1.9894201],[115.7172087,-1.9920231],[115.7292936,-2.0022316],[115.7296521,-2.0077212],[115.7247162,-2.0165307],[115.7092743,-2.0278479],[115.7063979,-2.0333147],[115.7064894,-2.0357745],[115.7102737,-2.0419018],[115.7249984,-2.044446],[115.7303466,-2.0529631],[115.7353592,-2.057582],[115.7429732,-2.0565713],[115.7547834,-2.058867],[115.7583618,-2.057968],[115.7644195,-2.0518186],[115.7705078,-2.0520806],[115.7762296,-2.0502352],[115.778404,-2.0512783],[115.7799528,-2.0559016],[115.7858658,-2.0516419],[115.7887573,-2.0510945],[115.7940824,-2.0534173],[115.803253,-2.0617045],[115.8080518,-2.0634748],[115.8136671,-2.0623165],[115.816879,-2.0634063],[115.818283,-2.0663019],[115.8120421,-2.0922004],[115.8077163,-2.0959741],[115.7938383,-2.1009634],[115.791786,-2.1044329],[115.7923965,-2.1353691],[115.7895964,-2.1592105],[115.7903974,-2.1756785],[115.7891004,-2.1804421],[115.7822722,-2.1891135],[115.7812041,-2.1977113],[115.7826614,-2.2080404],[115.7865523,-2.2179477],[115.7939604,-2.2259524],[115.7976684,-2.2357691],[115.8057403,-2.2389727],[115.8090742,-2.2451628],[115.8092956,-2.2530576],[115.803711,-2.2649136],[115.8065337,-2.2716362],[115.8104246,-2.2765612],[115.8177718,-2.2937348],[115.8233108,-2.2987526],[115.8345259,-2.299004],[115.8362654,-2.3013215],[115.8355407,-2.3060226],[115.8330078,-2.3084063],[115.8235473,-2.311449],[115.820564,-2.3138861],[115.8165662,-2.3209249],[115.8161619,-2.3245321],[115.8176343,-2.3281785],[115.8245542,-2.334437],[115.8279343,-2.3404555],[115.8285826,-2.3458187],[115.8240279,-2.3583003],[115.83271,-2.3722567],[115.8355864,-2.3866929],[115.8431702,-2.3911983],[115.847038,-2.3952097],[115.8522184,-2.3969264],[115.8570172,-2.3935967],[115.8684919,-2.3803386],[115.8735045,-2.3766111],[115.877304,-2.3758207],[115.8883282,-2.3791736],[115.8906859,-2.3771335],[115.8899076,-2.3619857],[115.8928146,-2.3461651],[115.8958969,-2.338402],[115.901802,-2.3375244],[115.9144668,-2.3452469],[115.917984,-2.3445107],[115.9246062,-2.3377926],[115.9304886,-2.3275373],[115.9340817,-2.3246761],[115.9598923,-2.3196497],[115.9612045,-2.3154556],[115.9584501,-2.3057127],[115.9589689,-2.2983254],[115.9610212,-2.2942954],[115.9669112,-2.2926219],[115.9762953,-2.2970666],[115.991127,-2.3130032],[115.9972349,-2.3162839],[116.0040838,-2.3153146],[116.0114324,-2.3248478],[116.0163825,-2.3249597],[116.0237778,-2.3218381],[116.0337735,-2.3206875],[116.0571135,-2.3311663],[116.0893249,-2.3291424],[116.1116254,-2.3336959],[116.1761778,-2.3387271],[116.197975,-2.3355757],[116.2082595,-2.3390991],[116.2169416,-2.3457309],[116.2214506,-2.3513981],[116.2304074,-2.3575061],[116.2437742,-2.3620108],[116.2837677,-2.35913],[116.2922209,-2.357017],[116.3106612,-2.3625417],[116.3230664,-2.3632922],[116.3454588,-2.3581252],[116.3580091,-2.3571577],[116.3856963,-2.360616],[116.4347532,-2.3708151],[116.4821472,-2.3844658],[116.5275266,-2.4042178],[116.5515364,-2.416587],[116.55382611470193,-2.41914538446844],[116.5547809,-2.4123212],[116.5585727,-2.4066386],[116.5636469,-2.3891418],[116.5718438,-2.35047],[116.5782734,-2.3325977],[116.5804655,-2.3039205],[116.5911147,-2.2533273],[116.5957335,-2.1961216],[116.593728,-2.1944212],[116.5914793,-2.1805142],[116.5867781,-2.1692926],[116.5823633,-2.1658782],[116.5792638,-2.1663033],[116.5830318,-2.171769],[116.5818163,-2.1766274],[116.5686892,-2.1983686],[116.5527665,-2.2082674],[116.5456559,-2.2090569],[116.5444137,-2.2019095],[116.546446,-2.1985508],[116.5527665,-2.1748055],[116.5465299,-2.1677852],[116.5283354,-2.1694613],[116.5181254,-2.165028],[116.5167276,-2.1575581],[116.5247914,-2.1545969],[116.5242028,-2.1508778],[116.5150868,-2.1239737],[116.5037974,-2.1086545],[116.5008461,-2.109025],[116.4904821,-2.1197233],[116.4663881,-2.1292692],[116.4353476,-2.1327728],[116.4028704,-2.1267722],[116.3888849,-2.1269438],[116.3917009,-2.1160899],[116.3766932,-2.1161461],[116.3569752,-2.1239535],[116.3487718,-2.1135064],[116.3603794,-2.1109039],[116.3708708,-2.0998247],[116.3925054,-2.0843316],[116.407993,-2.0783014],[116.4252139,-2.0764785],[116.4407783,-2.0666431],[116.4553342,-2.0654681],[116.4602886,-2.0507635],[116.4610931,-2.0340798],[116.4540533,-1.967142],[116.4594002,-1.9357186],[116.4574727,-1.9166856],[116.4416888,-1.8729591],[116.4357254,-1.8683113],[116.4306725,-1.8670303],[116.4256183,-1.8679593],[116.4206615,-1.8638524],[116.429095,-1.8485168],[116.4465421,-1.825952],[116.4523841,-1.8126777],[116.4534419,-1.7985724],[116.451272,-1.7687464],[116.4165707,-1.7677356],[116.3972854,-1.7697247],[116.387629,-1.7581443],[116.3745962,-1.761639],[116.3613663,-1.7771546],[116.3461961,-1.7746863],[116.3272281,-1.7811146],[116.2803755,-1.8039026],[116.2644883,-1.8096666],[116.2183021,-1.794615],[116.2085988,-1.7825568],[116.2093697,-1.7764709],[116.2276667,-1.780503],[116.2387602,-1.7783429],[116.2504569,-1.7809953],[116.2571502,-1.7760968],[116.2651939,-1.7600169],[116.2788824,-1.752118],[116.279588,-1.73632],[116.2838216,-1.7305368],[116.2960989,-1.7322294],[116.3090818,-1.7253178],[116.3150917,-1.7006488],[116.3260161,-1.7013383],[116.3837544,-1.6851741],[116.4350737,-1.6551064],[116.4607875,-1.645408],[116.4825489,-1.6464607],[116.5023507,-1.6384914],[116.5351657,-1.6208146],[116.5348859,-1.6157475],[116.5594637,-1.6011611],[116.5545272,-1.5586141],[116.5485049,-1.5341359],[116.5329756,-1.5045448],[116.5356791,-1.4741021],[116.5451476,-1.4584379],[116.5583039,-1.4469866],[116.5903389,-1.4260117],[116.6253051,-1.4100258],[116.6325562,-1.4101751],[116.641217,-1.4078338],[116.6445648,-1.4063414],[116.6462072,-1.4032606],[116.6482555,-1.4068579],[116.6501769,-1.4062639],[116.6726624,-1.3957221],[116.6892706,-1.3912345],[116.7152087,-1.3795907],[116.7323147,-1.3741163],[116.7488371,-1.3710959],[116.7617804,-1.3584824],[116.7637288,-1.3511631],[116.7615401,-1.3380088],[116.7573172,-1.3309126],[116.754502,-1.3313673],[116.7572056,-1.3280209],[116.7623555,-1.3255324],[116.7634713,-1.3173549],[116.7609393,-1.3014203],[116.7620722,-1.2884375],[116.7597548,-1.2948131],[116.7589652,-1.2875193],[116.7627417,-1.2772222],[116.7718398,-1.2655864],[116.7785517,-1.2447861],[116.7770068,-1.2425035],[116.7723204,-1.2441339],[116.7730071,-1.242555],[116.7692992,-1.2400665],[116.7646909,-1.2338929],[116.7563473,-1.2283962],[116.7470948,-1.219489],[116.7248646,-1.2161081],[116.7200152,-1.2157391],[116.718599,-1.2169147],[116.7177904,-1.2158455],[116.7098185,-1.215782],[116.7101103,-1.2119291],[116.7282721,-1.2115343],[116.7423741,-1.2079217],[116.7572228,-1.1970922],[116.7666556,-1.1869664],[116.7642609,-1.182221],[116.7612483,-1.1811912],[116.7623726,-1.1832593],[116.7584759,-1.1799555],[116.754399,-1.1787456],[116.7530686,-1.1811054],[116.7519785,-1.1788142],[116.7489745,-1.1807621],[116.7485882,-1.1783766],[116.7461077,-1.1788399],[116.7459361,-1.1768062],[116.7482878,-1.1741031],[116.7441336,-1.1717776],[116.7506138,-1.1681219],[116.752545,-1.1654703],[116.749232,-1.1573095],[116.7484938,-1.1588284],[116.7482964,-1.1569577],[116.7388786,-1.1504396],[116.7332138,-1.1526794],[116.7351879,-1.1480883],[116.7300037,-1.1407255],[116.7199537,-1.1319358],[116.7165774,-1.13445],[116.7123787,-1.1348456],[116.7112736,-1.133653],[116.7119191,-1.1313501],[116.7082798,-1.1305587],[116.7087766,-1.1283237],[116.7042833,-1.1221595],[116.7023412,-1.1220585],[116.7041038,-1.1188122],[116.7080955,-1.1174813],[116.7084593,-1.11542],[116.7045292,-1.1060576],[116.7067635,-1.1051946],[116.7080955,-1.1066894],[116.7139169,-1.1052343],[116.7097934,-1.1007478],[116.7084593,-1.0941998],[116.702462,-1.0913128],[116.7027282,-1.088633],[116.7042635,-1.0886708],[116.7043836,-1.0874639],[116.7013028,-1.0858839],[116.7058674,-1.0863351],[116.7050856,-1.0906048],[116.7089189,-1.0913855],[116.7146711,-1.09605],[116.7208627,-1.0968487],[116.7179102,-1.0953469],[116.7188371,-1.0932444],[116.7210859,-1.0932359],[116.7189543,-1.0930044],[116.7180904,-1.0901637],[116.721563,-1.0835401],[116.7272876,-1.0775861],[116.7273658,-1.0747706],[116.7231351,-1.0692824],[116.7177032,-1.0689385],[116.7173778,-1.0679296],[116.7198411,-1.0664468],[116.7287151,-1.0672065],[116.7318295,-1.0564377],[116.7301477,-1.05322],[116.7337888,-1.0441578],[116.7298026,-1.0383308],[116.7342692,-1.0363427],[116.7345725,-1.0383876],[116.7396536,-1.0377909],[116.7356996,-1.0280465],[116.7356493,-1.024336],[116.7405379,-1.0187822],[116.7451764,-1.0165546],[116.7478539,-1.0132245],[116.7479435,-1.0100325],[116.7517712,-1.0081981],[116.7573286,-0.9993873],[116.7607397,-0.9976449],[116.7648596,-0.9904362],[116.7689794,-0.9866602],[116.7744726,-0.9844289],[116.7768758,-0.9794515],[116.7796847,-0.9775973],[116.7836129,-0.9799938],[116.7791074,-0.983914],[116.7797941,-0.9863169],[116.7749859,-0.9889957],[116.7725397,-0.9936653],[116.7700973,-0.9935965],[116.7641729,-0.9983314],[116.7528433,-1.0144651],[116.7516416,-1.0216737],[116.756113,-1.030611],[116.7461485,-1.0407252],[116.7376512,-1.0574594],[116.7385954,-1.0676714],[116.7405695,-1.0715332],[116.738767,-1.081831],[116.7302698,-1.096677],[116.7290682,-1.1020834],[116.7338747,-1.1080904],[116.7380804,-1.1089486],[116.740312,-1.1067174],[116.746406,-1.105945],[116.7510408,-1.106889],[116.7507611,-1.1088765],[116.7467493,-1.1071465],[116.7446035,-1.1084337],[116.7462929,-1.1143324],[116.7539591,-1.1157279],[116.7586797,-1.1230221],[116.7612547,-1.1251675],[116.7667141,-1.1264547],[116.7707819,-1.1347786],[116.7809957,-1.1464493],[116.7827123,-1.1606943],[116.7863172,-1.1655857],[116.7888063,-1.1739953],[116.7864889,-1.1784576],[116.7865747,-1.186953],[116.7841715,-1.1927024],[116.7841715,-1.1972504],[116.7888063,-1.200168],[116.783914,-1.2123533],[116.7977327,-1.2163864],[116.7999643,-1.2154425],[116.7991918,-1.2128682],[116.8017667,-1.2108087],[116.80417,-1.2040296],[116.8069166,-1.201112],[116.8115699,-1.1996904],[116.8127393,-1.1968899],[116.8193032,-1.2007116],[116.8130964,-1.202485],[116.8122381,-1.2059174],[116.8126672,-1.2107229],[116.8158099,-1.2124764],[116.8147272,-1.2162148],[116.8187612,-1.2162148],[116.8186754,-1.2181027],[116.8134397,-1.2191324],[116.8091482,-1.222479],[116.8163319,-1.2381143],[116.8201978,-1.2380962],[116.821334,-1.2359272],[116.8220228,-1.2383541],[116.8207337,-1.2384036],[116.8217433,-1.2395476],[116.8158218,-1.2400683],[116.8146465,-1.2570858],[116.8159633,-1.2594938],[116.813199,-1.2629057],[116.8120555,-1.2674375],[116.8076953,-1.2698059],[116.8053214,-1.2733786],[116.8060127,-1.2724073],[116.8056484,-1.2738689],[116.8091991,-1.2770316],[116.8109694,-1.2822707],[116.8277437,-1.2787645],[116.8365234,-1.2778538],[116.8413631,-1.2790414],[116.8545651,-1.2742603],[116.86216,-1.2772679],[116.8773735,-1.2756483],[116.8809354,-1.273444],[116.8821371,-1.276147],[116.8839707,-1.2767525],[116.9056225,-1.2674186],[116.9069346,-1.2631226],[116.9136691,-1.2626695],[116.9328727,-1.2534347],[116.9448461,-1.2450768],[116.9533691,-1.2362554],[116.9606046,-1.2328745],[116.9721977,-1.2241168],[116.9740716,-1.2163829],[116.9687413,-1.2144079],[116.9673064,-1.2153816],[116.966381,-1.2145195],[116.967677,-1.2133868],[116.9778476,-1.2170891],[116.9822874,-1.2116013],[116.9985417,-1.2016563],[117.0039475,-1.1963632],[117.0083769,-1.1877494],[117.0125966,-1.1831392],[117.0128981,-1.1767242],[117.0173422,-1.1687384],[117.016614,-1.1532842],[117.0226665,-1.1405983],[117.0335743,-1.1308972],[117.0480941,-1.1221184],[117.0556356,-1.112954],[117.0594037,-1.112698],[117.0622939,-1.1076869],[117.0657382,-1.1061009],[117.066974,-1.1012414],[117.098991,-1.0597435],[117.1062059,-1.0423894],[117.1100262,-1.0397998],[117.1241759,-1.0133913],[117.150239,-0.9825949],[117.1560423,-0.9696151],[117.1630964,-0.9628851],[117.1676275,-0.9551197],[117.1717317,-0.9511966],[117.1810362,-0.943829],[117.1865751,-0.9412316],[117.1973418,-0.932043],[117.2107757,-0.9251455],[117.2482983,-0.9097918],[117.2775442,-0.8867082],[117.2779792,-0.8782264],[117.2828732,-0.8761059],[117.286734,-0.8768127],[117.2947592,-0.8713795],[117.3148404,-0.8711202],[117.3164975,-0.8796917],[117.3197235,-0.8812557],[117.3182572,-0.8839926],[117.3204885,-0.8890893],[117.3253968,-0.8931729],[117.3261508,-0.8986389],[117.3289784,-0.9042934],[117.3372153,-0.9112179],[117.3399129,-0.9116207],[117.3458273,-0.909468],[117.3496376,-0.9045193],[117.3573299,-0.8990035],[117.3642292,-0.8894032],[117.3718973,-0.8907912],[117.3766921,-0.8891872],[117.3846798,-0.88513],[117.3934571,-0.8778121],[117.405865,-0.8750662],[117.4078049,-0.8806806],[117.4118686,-0.8863432],[117.4173902,-0.8857371],[117.424725,-0.8808947],[117.4255227,-0.8852747],[117.4300807,-0.8905597],[117.4340517,-0.8919359],[117.4375633,-0.8909054],[117.4375625,-0.8926587],[117.4418681,-0.8930586],[117.4472418,-0.8883138],[117.4445633,-0.885438],[117.445611,-0.8803914],[117.4446857,-0.8774387],[117.4359432,-0.8637597],[117.433867,-0.854708],[117.4344755,-0.8452717],[117.4299535,-0.8275258],[117.4395903,-0.8164594],[117.4463422,-0.8058453],[117.4514681,-0.8088384],[117.464489,-0.821113],[117.4686114,-0.8301422],[117.4819774,-0.8391523],[117.4880979,-0.8398512],[117.493045,-0.8367598],[117.4931004,-0.8349275],[117.5009206,-0.827056],[117.5133224,-0.8093642],[117.5213988,-0.8127347],[117.5297359,-0.8126951],[117.5461308,-0.809677],[117.5524859,-0.8049148],[117.5614924,-0.7829263],[117.5899741,-0.7821611],[117.6007463,-0.7873455],[117.6119461,-0.7732799],[117.6158978,-0.7635247],[117.6165295,-0.751084],[117.6125785,-0.7394108],[117.6047109,-0.726781],[117.6021144,-0.7316979],[117.5937771,-0.7357865],[117.5827837,-0.7325123],[117.5798673,-0.7341625],[117.5712564,-0.7296047],[117.5504782,-0.7270505],[117.5347587,-0.7299715],[117.5238534,-0.7355504],[117.5152211,-0.7363078],[117.4951633,-0.7213643],[117.4884406,-0.7136638],[117.4720282,-0.7073045],[117.4620909,-0.6936831],[117.4720104,-0.6830434],[117.4745031,-0.6866262],[117.4872858,-0.6917231],[117.4941772,-0.692892],[117.5121365,-0.6943359],[117.5293889,-0.6893843],[117.5312536,-0.6729717],[117.5240597,-0.6595071],[117.5247975,-0.6530514],[117.5419523,-0.6554492],[117.5596604,-0.6532358],[117.5626118,-0.6489935],[117.5624273,-0.6395867],[117.5652393,-0.6342445],[117.5648017,-0.6315254],[117.56901,-0.6255635],[117.5631037,-0.6195214],[117.5501951,-0.6177843],[117.5536776,-0.5978713],[117.5596693,-0.5906519],[117.5674994,-0.5851375],[117.5676603,-0.5834924],[117.5706776,-0.5860661],[117.5798773,-0.5760643],[117.5858707,-0.5464555],[117.585935,-0.5220803],[117.5880333,-0.5176459],[117.5809011,-0.4847369],[117.5845164,-0.4786304],[117.5872694,-0.4789456],[117.5967933,-0.4743374],[117.6024769,-0.4778703],[117.618576,-0.4629733],[117.6219968,-0.4574081],[117.6271388,-0.439425],[117.6275939,-0.4358928],[117.6257539,-0.4340126],[117.6277147,-0.4242895],[117.6228821,-0.4175474],[117.6209667,-0.4178485],[117.6078928,-0.4076802],[117.6020666,-0.4064408],[117.5897904,-0.4123733],[117.5782809,-0.4215359],[117.5574968,-0.4332686],[117.5370823,-0.3948438],[117.5365816,-0.3913545],[117.5338218,-0.3875171],[117.5314345,-0.3868767],[117.5303763,-0.3835246],[117.5391251,-0.3774379],[117.5405112,-0.3739152],[117.53976,-0.3726277],[117.5335721,-0.365938],[117.5255714,-0.3509218],[117.4939151,-0.3458877],[117.4921272,-0.3418651],[117.4917902,-0.3293244],[117.4846405,-0.3282327],[117.4767067,-0.3292384],[117.468773,-0.334155],[117.4622919,-0.3439881],[117.4583809,-0.3529274],[117.452682,-0.352257],[117.4511176,-0.3459995],[117.4510059,-0.3347137],[117.4478771,-0.32678],[117.4465362,-0.3183995],[117.4517295,-0.3035968],[117.4446365,-0.29918],[117.4256403,-0.2745969],[117.4173178,-0.2470215],[117.4181752,-0.2347858],[117.4167008,-0.2232236],[117.4197272,-0.2175589],[117.4197272,-0.2135238],[117.4267111,-0.2060743],[117.4319103,-0.2040567],[117.4322983,-0.2112734],[117.4231823,-0.2198753],[117.4229858,-0.2214458],[117.4247052,-0.2220548],[117.4344979,-0.2154804],[117.4427864,-0.2017453],[117.4446809,-0.1799585],[117.456048,-0.1548564],[117.4730744,-0.1035693],[117.4735722,-0.0894959],[117.4780717,-0.0745766],[117.506963,-0.0485271],[117.515097,-0.0349938],[117.5153105,-0.0326302],[117.5187263,-0.0310138],[117.5179105,-0.0299921],[117.5190965,-0.0267833],[117.5161424,-0.0125483],[117.5064571,0.0023255],[117.5080137,0.0144322],[117.5192555,0.0253281],[117.5133752,0.0305167],[117.5144129,0.036397],[117.5040358,0.0346675],[117.5023063,0.0395102],[117.4917562,0.0284413],[117.4896808,0.0412397],[117.4962529,0.0445258],[117.4948693,0.0486766],[117.5017874,0.0524816],[117.5090514,0.0502332],[117.5116443,0.0525658],[117.5121428,0.0576701],[117.5092026,0.0639109],[117.4986743,0.0599185],[117.4921021,0.0602644],[117.4882972,0.0573242],[117.4872005,0.0588767],[117.4889529,0.061335],[117.4869135,0.0630316],[117.4843307,0.0623482],[117.4844696,0.0595247],[117.4808602,0.0569783],[117.4798337,0.0508397],[117.475125,0.0458669],[117.4713555,0.0475568],[117.467342,0.0463198],[117.4727702,0.0490888],[117.4726491,0.0517004],[117.4749592,0.0551124],[117.4735712,0.0600151],[117.4761905,0.0635505],[117.4726689,0.0653212],[117.478247,0.0761559],[117.4740755,0.079125],[117.4772189,0.0831194],[117.4744011,0.0897431],[117.4721245,0.0878365],[117.4692335,0.0876718],[117.4678795,0.0853846],[117.4637712,0.0978374],[117.4595627,0.0986242],[117.4577513,0.1008565],[117.4589955,0.1017348],[117.4610631,0.1005271],[117.4630576,0.1026496],[117.4655193,0.0980048],[117.4653382,0.0955725],[117.4701512,0.0921827],[117.4717388,0.0921858],[117.4685185,0.0972267],[117.4710314,0.0977596],[117.4718761,0.0948663],[117.4736514,0.0950787],[117.4738843,0.096476],[117.4754499,0.095428],[117.4755539,0.0895418],[117.4789883,0.0819914],[117.483628,0.0826687],[117.4846108,0.0848952],[117.4862757,0.0834108],[117.4907289,0.0867654],[117.4904881,0.0903616],[117.489766,0.0874828],[117.4855536,0.0854271],[117.4826451,0.0879442],[117.4852327,0.0890778],[117.4857943,0.0920064],[117.481281,0.0928386],[117.4784327,0.0914746],[117.4767076,0.0932398],[117.4801323,0.1004225],[117.477636,0.1037415],[117.4825695,0.1016604],[117.4870335,0.1023654],[117.4874643,0.1005341],[117.4925191,0.0987488],[117.493092,0.1023149],[117.4942403,0.1024804],[117.4977063,0.0981303],[117.4999048,0.0984849],[117.50077,0.1012649],[117.4947844,0.1051655],[117.4941386,0.1028496],[117.4919174,0.1024196],[117.4918973,0.1054686],[117.4870029,0.1040043],[117.486853,0.1025114],[117.4829028,0.1019653],[117.4830507,0.105448],[117.4782081,0.1099814],[117.4805193,0.1114766],[117.4862334,0.1057854],[117.4878047,0.1084769],[117.4899123,0.1079553],[117.4900496,0.1093049],[117.4859692,0.1135721],[117.4884656,0.1119552],[117.4921108,0.1125225],[117.4924087,0.1154586],[117.4943802,0.1102531],[117.5060247,0.1097462],[117.5063651,0.1069945],[117.5094796,0.1092299],[117.5139929,0.1179957],[117.5222772,0.1249762],[117.5176422,0.1358562],[117.5155374,0.1367387],[117.5159171,0.1418538],[117.5117868,0.142181],[117.5124393,0.1442519],[117.507937,0.1479323],[117.5108993,0.1503855],[117.5074481,0.1560331],[117.5077712,0.1585866],[117.5094689,0.1576827],[117.5081767,0.1593874],[117.4998322,0.1550983],[117.4946593,0.1482727],[117.4935414,0.1494198],[117.4961957,0.157219],[117.4951234,0.1588687],[117.4912742,0.1581401],[117.4905355,0.1507935],[117.48992,0.1515865],[117.488081,0.1495725],[117.4890495,0.1522425],[117.4877509,0.1598493],[117.484282,0.1591005],[117.4840487,0.1568745],[117.4811989,0.1555492],[117.4784082,0.157735],[117.4844569,0.1619416],[117.4855155,0.1642648],[117.4908904,0.1657571],[117.4915187,0.1704139],[117.4867357,0.1720471],[117.486969,0.1757801],[117.4942019,0.1726887],[117.5009098,0.1729803],[117.5057511,0.1753135],[117.5047595,0.1796299],[117.4990432,0.1791049],[117.49776,0.181963],[117.4939102,0.1812631],[117.4926853,0.1854045],[117.5017264,0.1865127],[117.5186475,0.1984122],[117.5211209,0.2123104],[117.5202964,0.2156083],[117.5278345,0.2214974],[117.5251655,0.2293142],[117.5277953,0.2352403],[117.5164921,0.2432968],[117.5214222,0.2515937],[117.53008,0.2537581],[117.5294788,0.2598906],[117.5167326,0.2610931],[117.5223842,0.2628968],[117.5211817,0.2667446],[117.5164921,0.26939],[117.5215425,0.2696305],[117.5188971,0.2778072],[117.5265928,0.2805728],[117.5261119,0.2856231],[117.5341684,0.2863446],[117.5283965,0.2996918],[117.5289978,0.3067862],[117.5249094,0.3117163],[117.5217178,0.3206928],[117.5224143,0.3221225],[117.5266883,0.3170942],[117.5303702,0.3164107],[117.5256513,0.3216629],[117.5319121,0.323627],[117.5374364,0.3158931],[117.5424697,0.3173662],[117.55227,0.3351331],[117.5531716,0.3609363],[117.5667456,0.3917725],[117.564615,0.3971616],[117.560855,0.3989162],[117.5656176,0.4009214],[117.563863,0.4078145],[117.5570951,0.4076891],[117.5577218,0.4127022],[117.5639883,0.4150834],[117.564615,0.4193446],[117.5567191,0.4178406],[117.5536301,0.4218796],[117.5648656,0.4246083],[117.5751427,0.4132035],[117.5720095,0.4043053],[117.5854217,0.4036798],[117.6057373,0.4200062],[117.6130077,0.4371119],[117.6106112,0.4422794],[117.6053474,0.4457885],[117.6005848,0.4684726],[117.6056516,0.4879232],[117.61576,0.4990643],[117.6290473,0.5085783],[117.6339685,0.5153037],[117.6311798,0.5198966],[117.6347887,0.5269501],[117.6429907,0.5343316],[117.6526691,0.5599207],[117.6593947,0.5636934],[117.6592307,0.5774721],[117.6680889,0.5878061],[117.6733543,0.6165146],[117.6869121,0.6225667],[117.7101064,0.6242766],[117.7145111,0.6391893],[117.7109648,0.653859],[117.7127945,0.6910275],[117.7197225,0.7076113],[117.7543365,0.7552238],[117.7665265,0.7670205],[117.7815665,0.7770025],[117.7907217,0.7809558],[117.8096115,0.7964187],[117.8350174,0.8032845],[117.8734695,0.8077473],[117.8880713,0.8282379],[117.9158415,0.8363042],[117.9223157,0.807173],[117.9594224,0.7937623],[117.9600184,0.7883979],[117.9677772,0.7772552],[117.996827,0.7745401],[118.0264826,0.7776693],[118.0301177,0.7813596],[118.0284198,0.7915271],[118.0300591,0.8019577],[118.0218628,0.8040438],[118.0202236,0.8173055],[118.0285689,0.8317592],[118.022906,0.8441268],[118.0239531,0.8564722],[118.009941,0.8858483],[117.9955399,0.8986626],[117.9866395,0.9153388],[117.9859826,0.919295],[117.9771561,0.9311455],[117.9790855,0.9459348],[117.9737285,0.9481318],[117.9702441,0.9555135],[117.9705665,0.9695601],[117.9730176,0.9754033],[117.9802861,0.9757858],[117.9860243,0.9780807],[117.9867703,0.9859792],[117.9843793,0.9902249],[117.9987355,0.9932032],[118.0053171,0.9915464],[118.0073585,0.9858336],[118.0045107,0.9732055],[118.0049024,0.9702189],[118.009329,0.9659653],[118.0095188,0.9589629],[118.0208259,0.9517507],[118.030646,0.952971],[118.0464294,0.9492167],[118.0538376,0.9390806],[118.0567618,0.9395355],[118.0574117,0.938106],[118.0550073,0.9342725],[118.0550722,0.9213425],[118.052278,0.917249],[118.0520117,0.9128143],[118.0587113,0.9101018],[118.0632021,0.9063788],[118.0634286,0.9038026],[118.1242406,0.8872928],[118.2007373,0.8692045],[118.2741329,0.8547338],[118.3066957,0.8521497],[118.3400453,0.8401989],[118.3461418,0.8127673],[118.3857693,0.8020994],[118.4497829,0.8371509],[118.4720841,0.8293006],[118.4842483,0.8270482],[118.4998925,0.8205587],[118.5490328,0.8101976],[118.5529006,0.8154898],[118.5562068,0.8122943],[118.5624853,0.8134724],[118.5653177,0.8121851],[118.5673777,0.8147598],[118.5745874,0.8147812],[118.5782352,0.8131721],[118.5847155,0.8131721],[118.58699,0.8122495],[118.5873157,0.8105401],[118.5922471,0.8114556],[118.6001864,0.8181497],[118.6098209,0.8291135],[118.6122027,0.8293709],[118.6122502,0.8328224],[118.6205759,0.8394597],[118.619906,0.8433384],[118.6212793,0.844969],[118.6263004,0.8462778],[118.6292401,0.8448188],[118.6309353,0.8468571],[118.6367773,0.8447471],[118.6518536,0.8455346],[118.6639087,0.8541081],[118.6699676,0.8564468],[118.6782933,0.8563343],[118.6900822,0.8518493],[118.6977064,0.8450776],[118.7088482,0.8298024],[118.7059766,0.8155608],[118.7099813,0.812997],[118.7134427,0.8195806],[118.724125,0.8233707],[118.7594749,0.8055646],[118.7651145,0.8065458],[118.767668,0.8038424],[118.7697065,0.8057519],[118.7797553,0.808138],[118.7852633,0.8057305],[118.7866366,0.808863],[118.7817228,0.8101503],[118.782624,0.8114591],[118.784641,0.8106867],[118.787967,0.812961],[118.7951218,0.8120563],[118.7950583,0.8087083],[118.7963296,0.8085498],[118.7872174,0.8037076],[118.7871326,0.8020125],[118.7923881,0.8007623],[118.798682,0.8050426],[118.8019455,0.8104247],[118.8093626,0.8162942],[118.8161439,0.8190488],[118.8166101,0.8208923],[118.812698,0.8253283],[118.817585,0.82958],[118.8216326,0.8278],[118.8245994,0.8297071],[118.8221623,0.8344535],[118.8251146,0.8409632],[118.8247283,0.8427869],[118.8347705,0.8473354],[118.8350709,0.8502533],[118.8362726,0.8490947],[118.8389548,0.8510901],[118.845156,0.8616246],[118.8564213,0.8729101],[118.8557561,0.8770724],[118.8605197,0.8770295],[118.8605627,0.8730173],[118.8627728,0.8740686],[118.8618072,0.8755276],[118.8647469,0.8798186],[118.873845,0.8740901],[118.8837369,0.8719446],[118.8938435,0.8751199],[118.8988861,0.8813419],[118.8990577,0.8841955],[118.9044221,0.8867915],[118.9068039,0.8903316],[118.9067825,0.8918549],[118.9016756,0.8905676],[118.8995727,0.8879287],[118.9010318,0.894923],[118.9080699,0.9041916],[118.9156322,0.9047164],[118.9166836,0.9105092],[118.9187865,0.9121398],[118.9212756,0.912762],[118.9247946,0.9113245],[118.9313948,0.9132341],[118.9460131,0.9296004],[118.9651661,0.9427955],[118.974941,0.9698467],[118.9873105,0.9877323],[118.9868827,0.9976381],[118.9792647,1.0057696],[118.9859562,1.0243999],[118.9778596,1.0365626],[118.9726223,1.0355303],[118.9682373,1.0364142],[118.9462392,1.0584516],[118.9338655,1.0580577],[118.9180118,1.0648509],[118.8702613,1.067572],[118.8576131,1.0510153],[118.846979,1.0464267],[118.8363357,1.0528881],[118.8368903,1.0572342],[118.831743,1.063307],[118.8369933,1.0703061],[118.8286547,1.0834809],[118.8265957,1.0915092],[118.8310224,1.0983024],[118.8089352,1.1144159],[118.7992885,1.1151045],[118.7956693,1.1170868],[118.7981729,1.1228837],[118.7932315,1.122686],[118.7766943,1.1331598],[118.7795932,1.1369145],[118.7799227,1.1399447],[118.7853911,1.134082],[118.787763,1.1336209],[118.7884878,1.1363217],[118.7743883,1.1561492],[118.772593,1.1545136],[118.7748495,1.1477835],[118.7710281,1.1513406],[118.7688776,1.1505501],[118.7629321,1.1524894],[118.7561011,1.1524472],[118.7575769,1.1474304],[118.7539638,1.152131],[118.7460575,1.1501549],[118.7437463,1.1474725],[118.7401278,1.1532509],[118.7388101,1.1502866],[118.7359112,1.1519993],[118.7361088,1.1541072],[118.7343299,1.1554905],[118.7306403,1.153712],[118.7224046,1.1554246],[118.7269507,1.1573349],[118.7471776,1.1574667],[118.7559793,1.1614276],[118.7584672,1.1594461],[118.763819,1.159319],[118.7677997,1.1657007],[118.7692839,1.1967708],[118.7460697,1.2190167],[118.7282164,1.2317504],[118.7177689,1.2423574],[118.7140049,1.2492288],[118.7073996,1.2546377],[118.7050966,1.254192],[118.6983362,1.2613965],[118.688827,1.2642188],[118.6824381,1.268081],[118.681918,1.2703834],[118.6710794,1.2788714],[118.6663914,1.2777363],[118.6579966,1.2838266],[118.6470759,1.2986809],[118.6319706,1.3067479],[118.6121916,1.3209318],[118.6054971,1.3223388],[118.604318,1.326902],[118.586669,1.3478164],[118.5723672,1.3586919],[118.5660789,1.3621588],[118.5308199,1.363477],[118.521775,1.3618862],[118.5157451,1.3562766],[118.5176068,1.3751883],[118.5077889,1.3761195],[118.4973203,1.3725193],[118.4968178,1.3669935],[118.4935516,1.3697564],[118.4896154,1.3692541],[118.4852604,1.3630584],[118.4846742,1.3656539],[118.4804868,1.3648166],[118.4907041,1.3774591],[118.4839205,1.3832361],[118.461976,1.390305],[118.4243783,1.4082698],[118.4309787,1.422431],[118.4243471,1.4287842],[118.4159887,1.4280937],[118.4276098,1.4325925],[118.4202025,1.4341707],[118.4045217,1.4251933],[118.3915357,1.4240031],[118.38891,1.4258148],[118.38793,1.4296949],[118.3757851,1.4255386],[118.3874952,1.4345687],[118.4091494,1.4367656],[118.4168044,1.4393195],[118.423368,1.448186],[118.4185619,1.4604109],[118.4100255,1.4597544],[118.414622,1.4685616],[118.4106274,1.4868869],[118.3930073,1.4881451],[118.3759892,1.4863946],[118.3886844,1.4923025],[118.3860578,1.5007266],[118.3799291,1.4962957],[118.3750288,1.5030065],[118.3532253,1.5089319],[118.3319959,1.5190875],[118.3124584,1.5307031],[118.3070957,1.531633],[118.3023898,1.5298825],[118.3002009,1.5306484],[118.3032106,1.5339851],[118.3021162,1.5367749],[118.2864402,1.545648],[118.2524957,1.5566275],[118.2335103,1.568866],[118.2119215,1.5894792],[118.1774538,1.6092737],[118.1746994,1.6170128],[118.1647698,1.6279874],[118.1342224,1.6350213],[118.1178005,1.650328],[118.0832496,1.6938082],[118.0726298,1.7098404],[118.0690549,1.7116592],[118.0678812,1.7145847],[118.0620876,1.7175124],[118.0532664,1.7298063],[118.0521978,1.7351018],[118.0604354,1.7415404],[118.0605126,1.7446246],[118.0646432,1.7481957],[118.0644823,1.7538407],[118.0666882,1.7595844],[118.0657422,1.7627161],[118.0488193,1.7825616],[118.0362061,1.7878519],[118.0268677,1.7822246],[118.0098264,1.7832475],[117.9744817,1.7932087],[117.9691015,1.7902092],[117.9363791,1.802054],[117.9181339,1.8143699],[117.9010286,1.8376261],[117.8983109,1.8367358],[117.8913585,1.8554054],[117.8880619,1.8564388],[117.8919637,1.8638637],[117.8921184,1.8714349],[117.8714096,1.8813494],[117.8635132,1.8717416],[117.8607439,1.8740133],[117.8617965,1.8930161],[117.8717529,1.9043395],[117.8716847,1.939296],[117.8733305,1.9530062],[117.8788401,1.9728808],[117.8725192,1.9725188],[117.8641173,1.965659],[117.851656,1.9846122],[117.8391372,2.0079625],[117.7903854,2.0134523],[117.7704727,2.0131092],[117.7608597,2.0189421],[117.766489,2.0230676],[117.7766601,2.0213178],[117.7876037,2.0231039],[117.7979612,2.0273377],[117.8013821,2.0274423],[117.8045907,2.0253674],[117.8194111,2.0304936],[117.8453979,2.0426952],[117.8446304,2.0261474],[117.8583633,2.0230594],[117.8779099,2.0345903],[117.9078018,2.0405579],[117.9119217,2.0460475],[117.9154758,2.0892861],[117.913845,2.0984895],[117.9574551,2.1198148],[117.9561048,2.1308028],[117.9413827,2.1376872],[117.9253113,2.1403983],[117.9365143,2.178984],[117.9484902,2.1803537],[117.9651367,2.1873999],[117.9987823,2.197349],[118.0214416,2.197349],[118.1022803,2.2845029],[118.0879074,2.3255131],[118.0812004,2.3245557],[118.0676174,2.3575124],[118.0562886,2.3634878],[118.0451102,2.3800815],[118.0384032,2.3756139],[118.0391697,2.3629134],[118.0335485,2.3598499],[118.0243503,2.3583182],[118.0238393,2.368785],[118.0185376,2.3725505],[118.0143856,2.3830172],[118.0227534,2.3893355],[117.9994385,2.4148637],[118.0019936,2.4253939],[118.0014853,2.4351915],[117.9885795,2.4356049],[117.9750931,2.4422804],[117.9483139,2.4614889],[117.8878891,2.537634],[117.8236877,2.6010848],[117.7904904,2.6438953],[117.7907592,2.6858245],[117.7930603,2.7128325],[117.7885168,2.735243],[117.7824816,2.7516675],[117.7473258,2.7548598],[117.7397353,2.7656337],[117.703381,2.783191],[117.6546423,2.7927676],[117.618288,2.7967578],[117.6027076,2.8123196],[117.609827,2.8229889],[117.6258827,2.8186179],[117.6418584,2.8210979],[117.6513837,2.8356244],[117.655777,2.8403499],[117.662198,2.8444003],[117.6626625,2.847371],[117.6681302,2.8544233],[117.6855569,2.8624102],[117.7100179,2.8606018],[117.7186356,2.8715714],[117.7173635,2.8805494],[117.7210012,2.8891225],[117.7142291,2.8970924],[117.6562403,2.8953121],[117.5975141,2.9060847],[117.5799362,2.9036908],[117.5547678,2.9080796],[117.5519713,2.9148623],[117.5664214,2.9205274],[117.5806692,2.9212131],[117.6244035,2.9274151],[117.6449626,2.9336743],[117.6646297,2.9348112],[117.6968417,2.9465172],[117.6951481,2.954937],[117.6804698,2.9623621],[117.6661923,2.9904754],[117.6390485,2.9812616],[117.6112613,2.9817244],[117.6005223,2.975018],[117.5897079,2.9741743],[117.5718324,2.958997],[117.5673764,2.9636806],[117.5644012,2.9682725],[117.5643357,2.9713025],[117.6047467,3.0092731],[117.616237,3.0146728],[117.6205729,3.0182684],[117.6196165,3.0247972],[117.6241634,3.033056],[117.6228329,3.037753],[117.6195976,3.0411738],[117.6237845,3.0406036],[117.6178018,3.0453615],[117.6175993,3.0476352],[117.6263537,3.0476352],[117.6273052,3.0520062],[117.6221304,3.0593568],[117.5976169,3.0581455],[117.5761812,3.0472365],[117.5714207,3.0464759],[117.5667923,3.0473517],[117.5579749,3.0537295],[117.5446608,3.0683496],[117.5156854,3.068028],[117.4873059,3.0636817],[117.4638369,3.0548927],[117.4477702,3.054406],[117.4422795,3.0513857],[117.4380331,3.0554007],[117.4386293,3.0685218],[117.4466616,3.082187],[117.4626297,3.0908446],[117.4779661,3.096377],[117.4790482,3.0993581],[117.4778789,3.1029094],[117.47017,3.1110823],[117.4623373,3.1160444],[117.4607296,3.1147309],[117.4517943,3.1228907],[117.4506885,3.1275588],[117.4643112,3.1266934],[117.4674209,3.1277264],[117.4609732,3.1420705],[117.4513754,3.1529186],[117.4487933,3.1536483],[117.4455572,3.1610023],[117.4385621,3.1642044],[117.4352005,3.1679988],[117.4238286,3.172778],[117.4188307,3.1734957],[117.4143325,3.1716592],[117.3990687,3.1591821],[117.3960406,3.1611257],[117.394024,3.1679781],[117.369988,3.1810977],[117.3415125,3.1814129],[117.336074,3.1788984],[117.3276572,3.1673399],[117.3195347,3.1685068],[117.3188682,3.1783069],[117.3074944,3.2082961],[117.3165387,3.2116307],[117.3353762,3.2124558],[117.3405038,3.2214151],[117.3555664,3.223335],[117.3783205,3.2300544],[117.3972288,3.2575715],[117.4023565,3.2588514],[117.4135733,3.2489325],[117.4283154,3.2543719],[117.4385707,3.2678102],[117.4517104,3.2754892],[117.4590814,3.2729296],[117.4892066,3.277089],[117.5182852,3.2748645],[117.5253217,3.2913238],[117.5235094,3.2994335],[117.5066979,3.3211359],[117.4590836,3.334644],[117.4467193,3.3416598],[117.4388229,3.3601675],[117.4364522,3.3719624],[117.4443161,3.4040363],[117.4851715,3.431796],[117.4879269,3.4362157],[117.4869581,3.4494029],[117.4906646,3.4554425],[117.5000251,3.4654592],[117.5143539,3.4742907],[117.5178721,3.4806121],[117.5169914,3.4842165],[117.5088005,3.4918647],[117.504661,3.4981943],[117.4906572,3.492568],[117.4849324,3.4917768],[117.4785911,3.4939746],[117.4709286,3.5038205],[117.4602717,3.5090071],[117.4513762,3.5087434],[117.446444,3.505315],[117.441688,3.5039963],[117.4366678,3.5070731],[117.4342898,3.5136663],[117.434554,3.5229846],[117.4376366,3.5290502],[117.4275081,3.5336213],[117.4152658,3.5351158],[117.4049611,3.538632],[117.4021655,3.5461678],[117.399419,3.5494231],[117.3705799,3.5624443],[117.3613101,3.5648429],[117.3393375,3.5651856],[117.3271495,3.5639863],[117.312215,3.559703],[117.3024303,3.5600457],[117.2924739,3.5639863],[117.2854358,3.5698114],[117.2811443,3.5776925],[117.2786427,3.5880982],[117.2815609,3.6189361],[117.3256046,3.6246348],[117.3595935,3.6335433],[117.3712665,3.6385115],[117.3820812,3.6405673],[117.3920375,3.6402246],[117.4004489,3.6379975],[117.440961,3.6179534],[117.4598438,3.6117859],[117.4933177,3.5975662],[117.4991542,3.5992794],[117.5157272,3.6195807],[117.5212204,3.6397961],[117.5133239,3.6593258],[117.5205337,3.6740585],[117.5469696,3.6528159],[117.5871383,3.6308877],[117.6640426,3.615469],[117.6885893,3.6269646],[117.6991516,3.6297489],[117.7140048,3.6307146],[117.716107,3.6352933],[117.7156019,3.6403337],[117.728589,3.6337812],[117.7331344,3.6330611],[117.7420811,3.6369494],[117.7512442,3.6424938],[117.7514606,3.6476781],[117.7632933,3.6614308],[117.7642312,3.6630869],[117.7609123,3.665535],[117.7612009,3.6698551],[117.7670451,3.6717992],[117.767983,3.6820234],[117.7916483,3.6886475],[117.8122112,3.7023996],[117.8174782,3.7044876],[117.8215186,3.7027596],[117.8260778,3.7036239],[117.834576,3.7939958],[117.8260492,3.810141],[117.7853079,3.8378156],[117.7685836,3.8512966],[117.757312,3.868934],[117.7300839,3.8760595],[117.7216641,3.8747901],[117.704631,3.8598627],[117.6919712,3.8684747],[117.6777003,3.8755939],[117.687713,3.9022329],[117.6825649,3.9163318],[117.6778154,3.9123372],[117.6520356,3.9119927],[117.635693,3.9145187],[117.6240691,3.9238191],[117.5980185,3.9343737],[117.5781488,3.9702045],[117.5726246,3.967449],[117.5530595,3.988115],[117.5476973,4.0156442],[117.5311927,4.0313972],[117.5233667,4.0330044],[117.5105919,4.0421886],[117.4724976,4.080876],[117.4298977,4.0942283],[117.418179,4.0942659],[117.4185681,4.1099807],[117.431426,4.1338075],[117.4847242,4.11029],[117.4956508,4.1101728],[117.5047421,4.1045017],[117.5225948,4.1014197],[117.5339206,4.1234856],[117.5426753,4.1356419],[117.5533183,4.1450586],[117.5675662,4.1493389],[117.5871356,4.1604676],[117.59511974082552,4.169134199582929],[117.591174,4.174307],[117.585956,4.178304],[117.578629,4.180764],[117.565751,4.180252],[117.562531,4.179227],[117.546878,4.167953],[117.542327,4.169695],[117.539551,4.174102],[117.53611,4.171028],[117.535,4.166416],[117.530892,4.164263],[117.529338,4.161496],[117.507467,4.171642],[117.50125,4.17031],[117.496588,4.173282],[117.491037,4.17236],[117.489372,4.175742],[117.484598,4.173282],[117.483155,4.17031],[117.476161,4.171232],[117.471054,4.174307],[117.468056,4.174307],[117.461284,4.179022],[117.457177,4.179124],[117.456844,4.183326],[117.453291,4.185479],[117.45318,4.187323],[117.448518,4.191936],[117.445409,4.190706],[117.441635,4.193575],[117.440413,4.198495],[117.441635,4.201262],[117.438415,4.207924],[117.431199,4.210691],[117.426314,4.216431],[117.423983,4.222273],[117.424871,4.22422],[117.427535,4.22422],[117.428645,4.225655],[117.428312,4.230882],[117.423983,4.233957],[117.419431,4.234879],[117.413436,4.238466],[117.410883,4.238364],[117.409106,4.242361],[117.411882,4.247691],[117.406442,4.253738],[117.395673,4.25876],[117.38657,4.258657],[117.381796,4.262347],[117.373248,4.272289],[117.371138,4.279258],[117.372582,4.282743],[117.370694,4.285817],[117.34183,4.291045],[117.33528,4.295862],[117.329729,4.297296],[117.32429,4.302523],[117.320182,4.304163],[117.313299,4.300576],[117.310524,4.300576],[117.308303,4.305291],[117.308636,4.30898],[117.303752,4.311338],[117.296203,4.31021],[117.293205,4.313797],[117.288987,4.31595],[117.284879,4.325072],[117.284102,4.334296],[117.27411,4.342905],[117.269003,4.352335],[117.26423,4.357562],[117.249242,4.365863],[117.248132,4.372115],[117.245912,4.37396],[117.242359,4.374063],[117.235587,4.370168],[117.227816,4.370373],[117.224486,4.368631],[117.221599,4.363199],[117.21516,4.359201],[117.214383,4.355204],[117.210498,4.353052],[117.205835,4.342495],[117.200839,4.337473],[117.19651,4.335833],[117.187517,4.338601],[117.177304,4.336551],[117.1682,4.337678],[117.164759,4.339523],[117.163316,4.342393],[117.164897,4.346953],[117.160457,4.34598],[117.159541,4.34844],[117.157209,4.34967],[117.156543,4.35295],[117.151325,4.353974],[117.146552,4.351617],[117.141334,4.351105],[117.142666,4.347415],[117.140668,4.34393],[117.131342,4.34516],[117.127346,4.342598],[117.119242,4.340753],[117.114801,4.335219],[117.106142,4.333271],[117.09393,4.335833],[117.090377,4.334399],[117.08416,4.334501],[117.071282,4.336653],[117.064399,4.338908],[117.060514,4.34229],[117.054741,4.341983],[117.041863,4.3468],[117.029651,4.341573],[117.026432,4.336141],[117.021658,4.32046],[117.019327,4.318717],[117.008003,4.320152],[117.005006,4.322817],[117.006671,4.335014],[117.006116,4.343828],[117.004118,4.346185],[116.988061,4.342587],[116.97351,4.34488],[116.970184,4.341023],[116.965015,4.337996],[116.95896,4.346839],[116.953263,4.350165],[116.953074,4.355181],[116.942025,4.359158],[116.93903,4.356137],[116.934665,4.360471],[116.930155,4.359787],[116.926969,4.362117],[116.924632,4.36144],[116.918592,4.366604],[116.915255,4.365422],[116.907719,4.368741],[116.898867,4.367039],[116.891893,4.356814],[116.883237,4.348757],[116.87472,4.347056],[116.87224,4.341027],[116.868067,4.339674],[116.865072,4.336821],[116.859379,4.338975],[116.856043,4.337626],[116.852694,4.338952],[116.845508,4.33876],[116.847201,4.333916],[116.840211,4.327203],[116.828659,4.331678],[116.821115,4.336668],[116.81639,4.346685],[116.810854,4.351181],[116.806005,4.351666],[116.797199,4.340096],[116.789688,4.337895],[116.785656,4.342396],[116.782438,4.351582],[116.782078,4.357267],[116.777369,4.363605],[116.770999,4.367595],[116.769295,4.37478],[116.756718,4.383598],[116.752053,4.389008],[116.748984,4.387085],[116.746286,4.382243],[116.740852,4.380653],[116.740889,4.367456],[116.734309,4.357401],[116.733089,4.351376],[116.725585,4.346644],[116.716417,4.345276],[116.715086,4.342504],[116.708617,4.340101],[116.706732,4.336035],[116.703848,4.335702],[116.701778,4.333299],[116.69213,4.33999],[116.681484,4.340397],[116.678601,4.338289],[116.666993,4.351524],[116.651319,4.34206],[116.6518,4.335886],[116.644111,4.339805],[116.641153,4.335849],[116.633723,4.336958],[116.630064,4.33426],[116.623114,4.338622],[116.619898,4.335849],[116.614348,4.343034],[116.613983,4.345796],[116.618678,4.356292],[116.613688,4.364202],[116.613873,4.370967],[116.61195,4.376697],[116.607884,4.378767],[116.605037,4.378546],[116.595278,4.372373],[116.586406,4.374295],[116.575243,4.397325],[116.567627,4.407823],[116.564374,4.406677],[116.562637,4.398582],[116.563376,4.392186],[116.561565,4.389599],[116.554726,4.385274],[116.548442,4.385865],[116.546742,4.380837],[116.536021,4.375662],[116.531068,4.357031],[116.531068,4.351486],[116.52885,4.346681],[116.532435,4.340692],[116.53957,4.33548],[116.537019,4.323244],[116.523822,4.325979],[116.519275,4.325573],[116.514026,4.322579],[116.507224,4.323318],[116.498755,4.327608],[116.496049,4.334119],[116.493367,4.335781],[116.4917,4.334771],[116.485673,4.336921],[116.48502,4.333741],[116.482521,4.332226],[116.483909,4.321864],[116.480752,4.318172],[116.477914,4.317492],[116.480122,4.310477],[116.475474,4.304104],[116.464291,4.301217],[116.460964,4.298027],[116.456627,4.296504],[116.453608,4.298666],[116.450102,4.297816],[116.440956,4.288749],[116.436603,4.290237],[116.433402,4.295408],[116.433934,4.3225],[116.432749,4.325673],[116.427384,4.328996],[116.426196,4.332503],[116.416333,4.332965],[116.400189,4.352631],[116.399654,4.359318],[116.394786,4.363479],[116.392108,4.364137],[116.384767,4.361598],[116.382941,4.35925],[116.379922,4.361244],[116.377725,4.366085],[116.377689,4.373108],[116.374824,4.377611],[116.366952,4.380923],[116.365287,4.379578],[116.360766,4.381232],[116.35958,4.384404],[116.348513,4.391382],[116.344167,4.391364],[116.337494,4.388995],[116.3355,4.386646],[116.321129,4.386084],[116.316463,4.383556],[116.316147,4.380043],[116.312168,4.373839],[116.29998,4.37128],[116.289936,4.374247],[116.277292,4.363157],[116.271777,4.363134],[116.264917,4.36461],[116.259405,4.363918],[116.252337,4.373084],[116.251439,4.379833],[116.247374,4.377902],[116.223289,4.383568],[116.2052,4.378258],[116.202075,4.381942],[116.179363,4.382907],[116.177432,4.384635],[116.174917,4.391418],[116.171055,4.393069],[116.1645,4.374802],[116.161858,4.351658],[116.163459,4.344976],[116.162773,4.342334],[116.149841,4.339463],[116.142854,4.333798],[116.135537,4.336186],[116.130583,4.331359],[116.119837,4.338853],[116.113689,4.331079],[116.114782,4.324626],[116.108532,4.323],[116.104569,4.314007],[116.098446,4.311542],[116.093568,4.305572],[116.091027,4.290125],[116.088157,4.281513],[116.083456,4.277549],[116.07901,4.276432],[116.070195,4.278794],[116.056297,4.288754],[116.047838,4.290074],[116.039047,4.294902],[116.035541,4.303641],[116.037675,4.319927],[116.03455,4.325084],[116.036151,4.327624],[116.035592,4.329301],[116.022153,4.334382],[116.008966,4.334992],[116.006324,4.338371],[116.008052,4.34241],[116.006629,4.347898],[115.993293,4.349612],[115.989006,4.35321],[115.984873,4.351258],[115.979361,4.352751],[115.97672,4.357574],[115.974922,4.358301],[115.96187,4.353746],[115.95877,4.358377],[115.956015,4.359717],[115.950196,4.358492],[115.94767,4.355775],[115.942044,4.357038],[115.937107,4.353478],[115.929873,4.354244],[115.922793,4.36121],[115.920458,4.367065],[115.914487,4.371696],[115.915023,4.378624],[115.908172,4.391982],[115.902967,4.392595],[115.901053,4.394929],[115.893628,4.391714],[115.890987,4.393016],[115.887466,4.391102],[115.878395,4.391255],[115.871926,4.381725],[115.871926,4.374912],[115.869132,4.371697],[115.871199,4.36787],[115.869745,4.358645],[115.87296,4.35344],[115.869821,4.351105],[115.868405,4.346206],[115.862128,4.343374],[115.865267,4.341346],[115.864004,4.321328],[115.866142,4.309972],[115.869517,4.304304],[115.869539,4.300458],[115.863046,4.296414],[115.856207,4.294208],[115.850192,4.294179],[115.847367,4.291491],[115.84573,4.285631],[115.847355,4.27494],[115.844178,4.268893],[115.839317,4.268319],[115.834265,4.263535],[115.824314,4.26231],[115.827682,4.244321],[115.829519,4.240915],[115.817846,4.230351],[115.810421,4.231308],[115.801082,4.225911],[115.797905,4.232609],[115.795876,4.243135],[115.788949,4.246541],[115.77628,4.246809],[115.769582,4.250904],[115.766061,4.250636],[115.764836,4.249258],[115.763879,4.239345],[115.75898,4.232647],[115.758024,4.226753],[115.754694,4.220132],[115.749182,4.215846],[115.742637,4.216114],[115.735824,4.212401],[115.730658,4.193915],[115.720476,4.197895],[115.712822,4.196824],[115.706813,4.199541],[115.704937,4.198469],[115.698661,4.185992],[115.689054,4.174012],[115.689513,4.168883],[115.68626,4.16697],[115.684538,4.162989],[115.682854,4.154875],[115.683428,4.145651],[115.680595,4.14324],[115.684691,4.136083],[115.680328,4.128543],[115.675773,4.127586],[115.675888,4.118745],[115.673859,4.114879],[115.675888,4.112812],[115.678031,4.105923],[115.675467,4.098575],[115.677419,4.095895],[115.677495,4.090269],[115.675046,4.084681],[115.674969,4.080509],[115.671333,4.076567],[115.671065,4.071477],[115.668386,4.069372],[115.667353,4.064013],[115.664865,4.061678],[115.66563,4.058923],[115.663066,4.054674],[115.659545,4.041585],[115.653076,4.035767],[115.654416,4.027347],[115.653153,4.020649],[115.650818,4.017931],[115.651239,4.014448],[115.649211,4.008707],[115.650397,4.001895],[115.650041,3.988752],[115.646496,3.982264],[115.646369,3.978687],[115.641875,3.971376],[115.641812,3.965616],[115.639216,3.964129],[115.638489,3.9609],[115.633615,3.958843],[115.628107,3.947955],[115.616238,3.937828],[115.609434,3.940834],[115.597629,3.940043],[115.592913,3.941562],[115.590729,3.944157],[115.584652,3.940961],[115.581012,3.94153],[115.568574,3.920484],[115.56465,3.918648],[115.558352,3.919186],[115.579209,3.897854],[115.583608,3.884688],[115.588672,3.885954],[115.593483,3.890607],[115.596267,3.89029],[115.597154,3.881681],[115.602376,3.876142],[115.606364,3.875604],[115.609561,3.877472],[115.616967,3.875858],[115.619562,3.868863],[115.618929,3.857912],[115.616904,3.854463],[115.616144,3.84788],[115.618992,3.840442],[115.614023,3.824205],[115.612156,3.8193],[115.608105,3.81509],[115.608453,3.81164],[115.603958,3.797968],[115.596742,3.790847],[115.593736,3.782776],[115.591299,3.780972],[115.590128,3.775117],[115.592691,3.773946],[115.593672,3.769926],[115.587975,3.761191],[115.5894,3.75597],[115.585127,3.754071],[115.57943,3.746949],[115.582342,3.728339],[115.578291,3.724161],[115.576328,3.719667],[115.580411,3.714856],[115.58307,3.70666],[115.585253,3.705014],[115.583798,3.703242],[115.583766,3.694443],[115.576012,3.686246],[115.573955,3.679979],[115.574588,3.673902],[115.57886,3.665832],[115.574904,3.6633],[115.573638,3.647949],[115.57617,3.643328],[115.581076,3.638676],[115.583291,3.6332],[115.582089,3.630352],[115.577847,3.627219],[115.579936,3.62168],[115.576581,3.616775],[115.576107,3.610793],[115.579651,3.606805],[115.58095,3.596898],[115.59035,3.586834],[115.590634,3.578637],[115.594242,3.576453],[115.605984,3.576073],[115.605763,3.568699],[115.61472,3.544329],[115.614403,3.533631],[115.610384,3.523693],[115.611681,3.51844],[115.610953,3.512553],[115.614972,3.504577],[115.620226,3.500114],[115.6202,3.49609],[115.618265,3.493057],[115.62355,3.481442],[115.624372,3.476537],[115.629341,3.4741],[115.629151,3.465587],[115.63491,3.460967],[115.634625,3.454827],[115.638106,3.451726],[115.644435,3.449542],[115.65222,3.439953],[115.6501,3.436978],[115.644815,3.435301],[115.643296,3.432231],[115.643739,3.428719],[115.635764,3.422642],[115.634878,3.41875],[115.631524,3.417136],[115.629752,3.413655],[115.618518,3.409477],[115.615227,3.412705],[115.614879,3.419288],[115.611366,3.422674],[115.607569,3.440365],[115.603961,3.447643],[115.598202,3.44739],[115.593424,3.444764],[115.590101,3.448783],[115.58143,3.450998],[115.579626,3.450207],[115.574658,3.433972],[115.572886,3.419383],[115.567221,3.418085],[115.565481,3.411218],[115.557665,3.404224],[115.55662,3.397294],[115.550608,3.394635],[115.552854,3.390743],[115.55257,3.388243],[115.548899,3.380869],[115.544025,3.376375],[115.538171,3.363336],[115.539089,3.351975],[115.542886,3.347038],[115.541304,3.344348],[115.542222,3.340108],[115.541114,3.329949],[115.54007,3.328367],[115.536747,3.32843],[115.535861,3.324886],[115.531937,3.320582],[115.524817,3.320044],[115.522602,3.309379],[115.525165,3.306435],[115.522475,3.299378],[115.526874,3.292669],[115.529468,3.284568],[115.526874,3.282099],[115.52276,3.281498],[115.520291,3.277225],[115.516172,3.259402],[115.519214,3.254186],[115.526703,3.249358],[115.527539,3.247589],[115.526349,3.242058],[115.531977,3.241158],[115.532556,3.239775],[115.531269,3.235563],[115.53172,3.226976],[115.529115,3.225497],[115.524388,3.225626],[115.521751,3.220255],[115.521976,3.212859],[115.519853,3.203565],[115.521719,3.1935],[115.524806,3.187969],[115.530594,3.185043],[115.537604,3.184207],[115.540531,3.181506],[115.545194,3.182438],[115.555806,3.173369],[115.561015,3.172951],[115.564231,3.171086],[115.567383,3.162243],[115.564521,3.160667],[115.56272,3.152434],[115.55796,3.151888],[115.558025,3.148608],[115.554487,3.142658],[115.545901,3.142048],[115.542235,3.144395],[115.539309,3.143752],[115.534388,3.136452],[115.529244,3.117672],[115.51905,3.113556],[115.51667,3.108796],[115.51831,3.102429],[115.513679,3.093714],[115.515962,3.090273],[115.51667,3.075867],[115.519982,3.068889],[115.519564,3.057923],[115.512103,3.05043],[115.509981,3.04268],[115.505382,3.040365],[115.503517,3.036152],[115.500202,3.035293],[115.495659,3.029842],[115.48962,3.027098],[115.483647,3.014589],[115.483276,3.019637],[115.453258,3.028477],[115.446889,3.024719],[115.442852,3.024348],[115.439213,3.015225],[115.435181,3.014181],[115.433477,3.017198],[115.429102,3.017161],[115.424766,3.011399],[115.420952,2.997627],[115.416193,2.993479],[115.412398,2.992353],[115.406385,2.98232],[115.397316,2.978911],[115.391721,2.979169],[115.388923,2.980744],[115.385579,2.980423],[115.383263,2.983317],[115.380851,2.983896],[115.378054,2.982449],[115.376028,2.979169],[115.368407,2.981838],[115.363711,2.980166],[115.355704,2.980166],[115.350012,2.975085],[115.344545,2.977143],[115.335026,2.973734],[115.329624,2.976693],[115.327694,2.979844],[115.329817,2.991356],[115.326698,2.995955],[115.323143,3.005821],[115.322764,3.01188],[115.313632,3.017864],[115.307895,3.019836],[115.3055,3.025205],[115.306814,3.029931],[115.305102,3.033958],[115.301735,3.03393],[115.298663,3.039966],[115.294286,3.039929],[115.285465,3.049621],[115.283186,3.038487],[115.278845,3.033397],[115.275911,3.019899],[115.268526,3.016804],[115.260843,3.001507],[115.255484,2.994893],[115.255709,2.980744],[115.252912,2.978815],[115.252513,2.972592],[115.249122,2.966703],[115.243536,2.96164],[115.238805,2.96111],[115.228659,2.955686],[115.217515,2.9573],[115.209404,2.955745],[115.192308,2.939715],[115.187222,2.931132],[115.168976,2.929016],[115.159325,2.91806],[115.151546,2.913823],[115.150015,2.908951],[115.151162,2.893192],[115.147602,2.887134],[115.150794,2.87994],[115.151115,2.872227],[115.139279,2.86629],[115.135372,2.856037],[115.124208,2.848091],[115.12403,2.844065],[115.113873,2.833274],[115.102214,2.830357],[115.089701,2.823242],[115.095094,2.818073],[115.124099,2.800124],[115.128665,2.803169],[115.142343,2.802575],[115.146723,2.798071],[115.152945,2.786702],[115.138904,2.776057],[115.137544,2.772024],[115.138688,2.755426],[115.141823,2.749337],[115.141147,2.74432],[115.122206,2.727341],[115.119537,2.727116],[115.117929,2.724608],[115.105452,2.719044],[115.10452,2.717018],[115.100693,2.716922],[115.098989,2.712998],[115.0996,2.706277],[115.095548,2.699492],[115.092075,2.698431],[115.093553,2.696084],[115.093296,2.693029],[115.100789,2.691292],[115.104198,2.6856],[115.106674,2.685311],[115.109182,2.687079],[115.111851,2.68515],[115.112109,2.681709],[115.107156,2.677753],[115.106738,2.67383],[115.112623,2.662157],[115.11481,2.650741],[115.117157,2.647171],[115.113588,2.646946],[115.11124,2.644052],[115.108732,2.64402],[115.107414,2.640161],[115.108378,2.633215],[115.104423,2.630932],[115.097348,2.622378],[115.091882,2.620159],[115.087733,2.620256],[115.084003,2.612924],[115.086801,2.604176],[115.094036,2.601797],[115.095676,2.59871],[115.102172,2.597938],[115.104198,2.592375],[115.103201,2.585654],[115.10989,2.581023],[115.118154,2.585622],[115.128895,2.582695],[115.133815,2.589738],[115.133397,2.5935],[115.138221,2.599706],[115.141855,2.600671],[115.146035,2.60437],[115.153817,2.602183],[115.162789,2.609065],[115.166005,2.606203],[115.171601,2.606299],[115.174656,2.59424],[115.181924,2.591378],[115.185139,2.588355],[115.186007,2.579158],[115.193211,2.575041],[115.197327,2.569961],[115.203083,2.570282],[115.202344,2.565684],[115.20765,2.563208],[115.210222,2.55639],[115.206589,2.549283],[115.211058,2.543012],[115.212184,2.539089],[115.2172,2.538575],[115.22614,2.533044],[115.232797,2.536034],[115.237481,2.528042],[115.237426,2.505989],[115.221404,2.490908],[115.21074,2.487322],[115.207762,2.480916],[115.201009,2.479726],[115.194706,2.471333],[115.185509,2.477925],[115.184737,2.480015],[115.180299,2.481848],[115.176376,2.479662],[115.172163,2.479212],[115.165346,2.480884],[115.155152,2.477025],[115.141002,2.477829],[115.135471,2.476028],[115.133928,2.473037],[115.128525,2.469307],[115.122737,2.457569],[115.115373,2.455318],[115.110839,2.457248],[115.106176,2.44432],[115.099455,2.442873],[115.098426,2.437213],[115.095918,2.43448],[115.096432,2.431875],[115.092251,2.42628],[115.093795,2.41824],[115.092959,2.415636],[115.095081,2.41123],[115.09074,2.405602],[115.081639,2.404509],[115.079967,2.40705],[115.069226,2.408015],[115.066879,2.409783],[115.061766,2.406953],[115.0581,2.410491],[115.04633,2.4075],[115.044561,2.405538],[115.043661,2.396341],[115.048163,2.389266],[115.043179,2.387851],[115.04067,2.392675],[115.033885,2.394186],[115.031023,2.384603],[115.025653,2.382577],[115.022083,2.368299],[115.018063,2.367013],[115.009413,2.367752],[115.002917,2.364601],[115.001727,2.360035],[114.993688,2.351031],[114.988543,2.351577],[114.976146,2.363219],[114.973027,2.363701],[114.97367,2.367045],[114.970229,2.369939],[114.965212,2.370711],[114.962479,2.367785],[114.958234,2.36846],[114.958427,2.362029],[114.954793,2.360035],[114.954407,2.354697],[114.951738,2.353732],[114.950387,2.35132],[114.951288,2.345113],[114.945756,2.327555],[114.946946,2.322829],[114.946271,2.319098],[114.948393,2.311284],[114.952413,2.309708],[114.956915,2.304948],[114.966113,2.299128],[114.966466,2.295237],[114.962543,2.289384],[114.954729,2.282985],[114.942863,2.285429],[114.93865,2.283081],[114.934984,2.283403],[114.933022,2.277615],[114.926205,2.269896],[114.9163,2.262211],[114.914757,2.259317],[114.905238,2.257226],[114.902762,2.261503],[114.89238,2.271265],[114.88437,2.262402],[114.871952,2.265861],[114.863978,2.27199],[114.856776,2.26324],[114.851952,2.260442],[114.840729,2.258641],[114.830207,2.254166],[114.824009,2.260305],[114.823136,2.266473],[114.816035,2.266434],[114.808089,2.25742],[114.802494,2.25459],[114.799825,2.250538],[114.803442,2.239937],[114.801931,2.236689],[114.793634,2.229679],[114.790965,2.225401],[114.791994,2.221671],[114.79,2.213568],[114.790258,2.204017],[114.779485,2.199211],[114.782131,2.192171],[114.783868,2.176307],[114.780273,2.157769],[114.780241,2.144541],[114.785532,2.13046],[114.800589,2.118197],[114.808378,2.106032],[114.810469,2.100404],[114.806288,2.09632],[114.802397,2.095098],[114.799856,2.090789],[114.79619,2.091271],[114.793489,2.085579],[114.79693,2.08156],[114.800114,2.080788],[114.806095,2.070626],[114.807896,2.064066],[114.796416,2.059982],[114.792396,2.060175],[114.793103,2.05027],[114.799728,2.040301],[114.800886,2.035703],[114.804584,2.033677],[114.806321,2.024383],[114.808797,2.022807],[114.816804,2.027728],[114.825711,2.028081],[114.830599,2.032069],[114.833944,2.032809],[114.83523,2.035317],[114.84655,2.040977],[114.851309,2.041813],[114.856358,2.045704],[114.862082,2.040913],[114.874228,2.041707],[114.878745,2.03859],[114.882371,2.032473],[114.880525,2.01763],[114.870331,2.013836],[114.871392,2.002098],[114.869141,1.994283],[114.867244,1.992354],[114.867919,1.989363],[114.865025,1.98499],[114.856503,1.980874],[114.856085,1.976436],[114.848303,1.97158],[114.847595,1.952575],[114.850714,1.950163],[114.848914,1.944664],[114.852708,1.939583],[114.855635,1.937204],[114.859751,1.93849],[114.862613,1.936464],[114.863352,1.931094],[114.871102,1.928071],[114.872196,1.923954],[114.877148,1.921028],[114.878692,1.915208],[114.865957,1.909773],[114.864671,1.907876],[114.864864,1.903309],[114.85959,1.900029],[114.856374,1.900351],[114.854509,1.896588],[114.838751,1.893662],[114.828751,1.896138],[114.819875,1.892536],[114.816434,1.893051],[114.814666,1.890092],[114.816659,1.884497],[114.815437,1.881313],[114.813476,1.879062],[114.808748,1.877776],[114.802863,1.872212],[114.800677,1.865235],[114.795178,1.861826],[114.796914,1.8534],[114.79193,1.850281],[114.786109,1.848544],[114.782733,1.848995],[114.780514,1.851342],[114.778778,1.849702],[114.766461,1.851278],[114.766751,1.85742],[114.760994,1.859157],[114.750639,1.866874],[114.743725,1.869543],[114.741925,1.867743],[114.73337,1.865138],[114.732309,1.860411],[114.728257,1.858128],[114.716295,1.856295],[114.719189,1.850667],[114.725138,1.845683],[114.726135,1.832595],[114.71845,1.828896],[114.716809,1.826356],[114.713658,1.825873],[114.709863,1.819506],[114.703657,1.820696],[114.702177,1.813364],[114.699283,1.810534],[114.694685,1.81063],[114.691855,1.808154],[114.69536,1.807608],[114.701341,1.800983],[114.706969,1.803202],[114.708513,1.794777],[114.714011,1.785323],[114.713272,1.770112],[114.708255,1.764066],[114.704525,1.762137],[114.711439,1.754772],[114.709316,1.749884],[114.709606,1.744611],[114.718224,1.728146],[114.717388,1.72538],[114.718449,1.718756],[114.713015,1.71152],[114.711664,1.70734],[114.714076,1.686566],[114.711149,1.671484],[114.701277,1.659177],[114.686744,1.631535],[114.648779,1.589578],[114.641608,1.588356],[114.626783,1.578355],[114.614209,1.574207],[114.613181,1.563562],[114.616686,1.556777],[114.609933,1.553015],[114.604145,1.531051],[114.607778,1.529154],[114.608775,1.525231],[114.61228,1.521822],[114.613034,1.515729],[114.611,1.500762],[114.604657,1.487608],[114.59397,1.478694],[114.591783,1.475117],[114.585832,1.446654],[114.581585,1.443798],[114.572863,1.441259],[114.57018,1.433008],[114.566897,1.427737],[114.56412,1.426394],[114.56218,1.432159],[114.558431,1.433792],[114.536987,1.435199],[114.526464,1.441787],[114.510404,1.458389],[114.503056,1.470755],[114.498104,1.473714],[114.496207,1.477476],[114.489936,1.473488],[114.481286,1.472492],[114.474597,1.474582],[114.464917,1.484261],[114.455688,1.48632],[114.445173,1.494552],[114.428772,1.502623],[114.424142,1.507833],[114.416359,1.510373],[114.413883,1.517705],[114.409349,1.520857],[114.404622,1.518702],[114.400505,1.519313],[114.38716,1.515937],[114.38671,1.514554],[114.389829,1.510727],[114.388671,1.501273],[114.382529,1.492429],[114.370245,1.490789],[114.367061,1.486416],[114.357446,1.487477],[114.338891,1.482653],[114.334196,1.480659],[114.332942,1.477122],[114.309724,1.470401],[114.306155,1.46741],[114.30326,1.458728],[114.301106,1.456316],[114.296443,1.456058],[114.281843,1.450689],[114.27763,1.450914],[114.272903,1.449049],[114.25422,1.450271],[114.252355,1.449081],[114.250168,1.451267],[114.243254,1.446669],[114.24007,1.447183],[114.23798,1.443389],[114.238462,1.437408],[114.235311,1.437118],[114.23322,1.432905],[114.223734,1.423579],[114.223476,1.416183],[114.213218,1.410331],[114.206948,1.409688],[114.2034682,1.4073935],[114.1936416,1.4073103],[114.1901399,1.4060524],[114.1823196,1.3963914],[114.1723174,1.3972939],[114.1678544,1.3960992],[114.1523057,1.3845645],[114.1477052,1.3785854],[114.1522139,1.3680222],[114.1483918,1.3468756],[114.1531297,1.3127968],[114.1504592,1.3054251],[114.1422347,1.2951941],[114.1417084,1.2925983],[114.1451111,1.2880948],[114.1541748,1.2824708],[114.1540758,1.275787],[114.1607668,1.2663639],[114.1598891,1.2624475],[114.1577683,1.2604392],[114.1479338,1.2592073],[114.1416702,1.2538608],[114.1357194,1.2423551],[114.1327591,1.2329121],[114.1259688,1.2237125],[114.1271438,1.2193896],[114.1319884,1.2171203],[114.1362,1.2124994],[114.1390764,1.2067747],[114.1397248,1.198879],[114.1330108,1.1829324],[114.1219559,1.1695444],[114.1167298,1.1543487],[114.1095125,1.1501055],[114.1033248,1.1483407],[114.0989839,1.1486473],[114.0925522,1.1517755],[114.0864257,1.1610268],[114.0836868,1.1623017],[114.0803147,1.1616226],[114.0684052,1.1469051],[114.057968,1.1414131],[114.0515366,1.1352073],[114.0464401,1.1324569],[114.0414656,1.1328267],[114.0391847,1.134391],[114.03302,1.1453608],[114.0299989,1.1472143],[114.0226211,1.1462632],[114.0121764,1.138863],[114.0017015,1.1480592],[113.9929045,1.144503],[113.9861146,1.1442124],[113.9821319,1.1404762],[113.9791183,1.1270627],[113.9762725,1.1252262],[113.9677124,1.1245913],[113.9587708,1.1143785],[113.9552993,1.106916],[113.9562227,1.0927616],[113.95076,1.0833544],[113.9506531,1.0772132],[113.9415437,1.0627583],[113.9366912,1.061039],[113.9200286,1.0631975],[113.9058302,1.0610694],[113.8999558,1.0587076],[113.8941954,1.0518237],[113.8889693,1.0379485],[113.8910292,1.0331282],[113.8922424,1.0229262],[113.8964692,1.0170842],[113.9086228,1.0132517],[113.9154206,1.0078625],[113.9185105,1.0018485],[113.9182967,0.9866899],[113.9119873,0.9639961],[113.9078293,0.9542002],[113.8938599,0.9470976],[113.8800737,0.9279569],[113.8777999,0.9184507],[113.8795852,0.9120657],[113.8795319,0.9052732],[113.8749239,0.8962188],[113.8745804,0.8927728],[113.8795013,0.8836841],[113.9025726,0.8654728],[113.923935,0.8451267],[113.9263916,0.8408763],[113.9262239,0.8375931],[113.9234465,0.8245777],[113.9208296,0.8196207],[113.8988264,0.8027124],[113.891243,0.7937751],[113.8888015,0.7870907],[113.8874436,0.7801172],[113.8898009,0.7678624],[113.8897476,0.7605545],[113.896782,0.7487075],[113.8971251,0.7451349],[113.8948517,0.7385683],[113.8799362,0.7174647],[113.8747482,0.7127877],[113.8700714,0.7118009],[113.8601988,0.7128212],[113.8490219,0.7092826],[113.8436586,0.7056457],[113.8404161,0.6989612],[113.8359298,0.6824271]]],[[[116.7150944,-1.1148887],[116.7185987,-1.1226667],[116.7171239,-1.1252276],[116.7251453,-1.132045],[116.7266666,-1.1342161],[116.7286407,-1.1339586],[116.7314731,-1.130097],[116.7334472,-1.121773],[116.7326376,-1.1183224],[116.7314577,-1.1182603],[116.728984,-1.1129341],[116.722516,-1.1177016],[116.7253791,-1.1138781],[116.7176725,-1.1106861],[116.7150944,-1.1148887]]],[[[117.2923023,3.5975662],[117.2957355,3.5925978],[117.3012287,3.5790631],[117.3108417,3.5843742],[117.3506671,3.5876294],[117.3815662,3.5898566],[117.4104053,3.588486],[117.4222499,3.5800911],[117.4346095,3.5629583],[117.4395877,3.5619303],[117.4466258,3.5627869],[117.4572688,3.5658709],[117.4605304,3.5682695],[117.4593288,3.5792344],[117.4558956,3.582661],[117.4019939,3.6112719],[117.3958141,3.6129851],[117.3841411,3.6119572],[117.3583919,3.6044191],[117.3443157,3.6037338],[117.3328143,3.601164],[117.3051769,3.6015066],[117.2923023,3.5975662]]],[[[117.3096401,3.5756366],[117.3147899,3.5706681],[117.3314411,3.5794058],[117.3338443,3.5814617],[117.3338443,3.5831749],[117.3144466,3.5819757],[117.311185,3.5802624],[117.3096401,3.5756366]]],[[[117.3204547,3.6129851],[117.3376209,3.6114433],[117.3566753,3.6131565],[117.3662883,3.6160689],[117.3729831,3.6213798],[117.3626834,3.6234356],[117.3453456,3.622579],[117.3244029,3.6184674],[117.3214847,3.6164115],[117.3204547,3.6129851]]],[[[117.3672911,3.5801642],[117.375064,3.5767913],[117.4042966,3.5690336],[117.3931442,3.5843804],[117.3870612,3.5853922],[117.3803022,3.5843804],[117.3672911,3.5801642]]],[[[117.3947245,3.5840471],[117.405474,3.5704584],[117.4056146,3.568494],[117.4116977,3.5655258],[117.4165641,3.5657956],[117.4166993,3.57497],[117.4144012,3.5806365],[117.4112921,3.58293],[117.3947245,3.5840471]]],[[[117.4127997,3.5445217],[117.41553,3.5420604],[117.4397504,3.5375771],[117.4459156,3.5347641],[117.4470605,3.5294018],[117.4411596,3.5198199],[117.441688,3.5102379],[117.453578,3.5155124],[117.4623854,3.5152487],[117.4736589,3.5112928],[117.4851966,3.4981943],[117.4894242,3.4989855],[117.5036041,3.5067215],[117.5107381,3.5047875],[117.5221878,3.4926559],[117.5274722,3.4888758],[117.531964,3.4885241],[117.5357512,3.4916889],[117.5337746,3.5008258],[117.5353192,3.5041295],[117.5387395,3.50457],[117.5431527,3.5020371],[117.5467936,3.5066623],[117.5445739,3.5266717],[117.5356399,3.5287771],[117.5033676,3.5438546],[117.4814094,3.5487412],[117.4450809,3.5497658],[117.4237949,3.5557624],[117.4162418,3.5564477],[117.4128086,3.5480525],[117.4127997,3.5445217]]],[[[117.448352,3.3916431],[117.4505836,3.3837605],[117.4521285,3.3489734],[117.4624282,3.3458888],[117.4777061,3.3448605],[117.490409,3.3412618],[117.5003654,3.34229],[117.5034553,3.3453746],[117.5053435,3.3544572],[117.5050002,3.3625114],[117.501567,3.3897582],[117.4981338,3.4051805],[117.4948722,3.4075796],[117.4900657,3.4086077],[117.4601966,3.4055233],[117.4552184,3.4063801],[117.4505836,3.4041524],[117.448352,3.4008966],[117.448352,3.3916431]]],[[[117.4491343,3.0683686],[117.4503523,3.0586386],[117.456625,3.057544],[117.4650291,3.0605846],[117.4678914,3.0596116],[117.4716063,3.0605846],[117.480254,3.0655712],[117.4825682,3.0700713],[117.4868921,3.0735984],[117.4937737,3.0737809],[117.4963315,3.0748755],[117.4963924,3.0766998],[117.4932865,3.0854567],[117.4885363,3.0864905],[117.4842125,3.0833891],[117.468135,3.0819297],[117.4565032,3.0725646],[117.4491343,3.0683686]]],[[[117.4590396,3.5863028],[117.4659582,3.5762172],[117.4692625,3.573496],[117.4734145,3.5724115],[117.4947005,3.5691563],[117.4971038,3.5724115],[117.4967605,3.5742961],[117.468093,3.5893728],[117.4631148,3.591086],[117.4599762,3.5901068],[117.4590396,3.5863028]]],[[[117.4856132,3.0933622],[117.4862222,3.0918419],[117.497854,3.0921459],[117.5068671,3.0989567],[117.5078415,3.1012675],[117.504492,3.1037608],[117.5013253,3.1018756],[117.4966969,3.1027878],[117.4874402,3.0955513],[117.4856132,3.0933622]]],[[[117.4977322,3.0716525],[117.5016907,3.0702538],[117.509364,3.0707403],[117.5163066,3.0744498],[117.5138706,3.0771255],[117.5082069,3.076639],[117.5030304,3.0791931],[117.4999246,3.0773688],[117.4977322,3.0716525]]],[[[117.4983412,3.0823553],[117.4999855,3.0804094],[117.5043093,3.0802877],[117.5072325,3.078281],[117.5141142,3.0784026],[117.5181944,3.0744498],[117.5384131,3.0796796],[117.5502885,3.0762134],[117.5543688,3.0763958],[117.5635646,3.079558],[117.5689847,3.0844837],[117.5692892,3.0911121],[117.5659397,3.0933013],[117.5465737,3.0930581],[117.5289737,3.0982878],[117.5175246,3.0983486],[117.5055273,3.0936054],[117.4994374,3.0864297],[117.4983412,3.0823553]]],[[[117.4995386,-0.7022174],[117.5021931,-0.7053632],[117.5077968,-0.7073292],[117.5159567,-0.7072309],[117.522052,-0.7053632],[117.5232317,-0.702709],[117.5208722,-0.6984819],[117.5166448,-0.6974005],[117.4995386,-0.7022174]]],[[[117.5061923,3.5852308],[117.5171005,3.5729807],[117.5394165,3.5592744],[117.5618784,3.5603538],[117.5756558,3.5573115],[117.588855,3.5517358],[117.6049898,3.5415259],[117.6245605,3.5373439],[117.6577099,3.5443592],[117.6607554,3.5485469],[117.6660703,3.552192],[117.6639281,3.5559623],[117.6604205,3.5559421],[117.6482473,3.5656765],[117.6281804,3.5745377],[117.598366,3.5824062],[117.5632195,3.5879118],[117.5582057,3.5864301],[117.5515109,3.5770072],[117.5451595,3.5747799],[117.5360614,3.5756366],[117.5290233,3.5788918],[117.5228435,3.5833463],[117.5099689,3.5864301],[117.5061923,3.5852308]]],[[[117.5075656,3.5939684],[117.5315982,3.5860875],[117.5389797,3.581633],[117.5480777,3.5804337],[117.5501377,3.5835176],[117.5501203,3.6001203],[117.5445663,3.6062177],[117.525296,3.6151469],[117.5183803,3.6146983],[117.5135738,3.6109293],[117.5075656,3.5939684]]],[[[117.514511,3.3850728],[117.5188738,3.3664087],[117.534928,3.346887],[117.5417431,3.3259484],[117.5567209,3.3178573],[117.5709246,3.3063752],[117.5705927,3.3045895],[117.572284,3.3044238],[117.5715115,3.3036755],[117.5731152,3.3042862],[117.5736728,3.3023018],[117.5748706,3.3035738],[117.5747416,3.3006638],[117.5784019,3.300712],[117.5789709,3.2980062],[117.5807835,3.2993356],[117.5794839,3.2978008],[117.5803198,3.2961677],[117.5832852,3.2967656],[117.5803733,3.2956983],[117.5830346,3.2959524],[117.5814224,3.29439],[117.5835002,3.2955629],[117.5821276,3.2933767],[117.5845575,3.2938652],[117.5831564,3.2921991],[117.5864058,3.2943229],[117.587252,3.2935497],[117.5843544,3.2913585],[117.5849736,3.290343],[117.5873423,3.2913044],[117.5854329,3.2894891],[117.5887208,3.2909971],[117.5870151,3.2893879],[117.5895505,3.2881198],[117.588662,3.2871452],[117.591106,3.2883903],[117.594735,3.2849169],[117.5954381,3.2835994],[117.5932565,3.2813827],[117.5923507,3.2821489],[117.5947832,3.2797167],[117.5934639,3.2812538],[117.5963164,3.2835622],[117.6042676,3.2782978],[117.6116236,3.2807625],[117.6136753,3.2683377],[117.6159007,3.2634096],[117.6128077,3.2614101],[117.6157928,3.2625857],[117.6183959,3.2571011],[117.6236129,3.2511206],[117.6284126,3.2536307],[117.6263785,3.2565287],[117.6285555,3.259421],[117.6250986,3.26253],[117.6225844,3.2615032],[117.6226987,3.2670937],[117.6258551,3.2646907],[117.628712,3.2661169],[117.6307119,3.2642629],[117.6282835,3.2624089],[117.6329975,3.2624089],[117.6331403,3.2597277],[117.6364121,3.2571676],[117.6335963,3.2533589],[117.6380543,3.2518552],[117.6349654,3.2494272],[117.6326627,3.2503571],[117.6277056,3.245916],[117.6306628,3.2416574],[117.6376068,3.2391755],[117.6482498,3.2395183],[117.6564895,3.2522009],[117.6567526,3.2551339],[117.6540628,3.2591771],[117.6541601,3.2659973],[117.6584288,3.3141592],[117.6581335,3.3263115],[117.6622866,3.3522285],[117.668712,3.3647599],[117.6649769,3.3820187],[117.6691925,3.4050645],[117.662326,3.4198012],[117.6341736,3.4280262],[117.6147284,3.4411454],[117.6015579,3.4417344],[117.5799286,3.4389928],[117.5610832,3.4383487],[117.5564591,3.4399085],[117.5537119,3.4426573],[117.5471537,3.4416014],[117.543527,3.4387355],[117.5352567,3.4264753],[117.5258086,3.4193028],[117.5253779,3.4173978],[117.5200386,3.415975],[117.5215861,3.4123657],[117.5201489,3.4120098],[117.5182863,3.40821],[117.514511,3.3850728]]],[[[117.5363239,4.1075622],[117.5387271,4.1031105],[117.5459369,4.1019119],[117.5541766,4.098145],[117.5624164,4.1039666],[117.5783809,4.1216022],[117.5886806,4.1400934],[117.5861057,4.1436889],[117.5744327,4.1448874],[117.5505718,4.1376965],[117.5380405,4.1192051],[117.5363239,4.1138974],[117.5363239,4.1075622]]],[[[117.5368638,3.5002751],[117.5384085,3.4969714],[117.5383053,3.4828978],[117.5423568,3.4762165],[117.5479756,3.4706104],[117.5589419,3.4740445],[117.5731335,3.4759761],[117.6056778,3.4736053],[117.6146042,3.4797738],[117.6118576,3.4972508],[117.5869223,3.512084],[117.5603592,3.5229517],[117.5504377,3.5252898],[117.5502138,3.506332],[117.5464626,3.4996144],[117.543925,3.4982929],[117.5378568,3.5015966],[117.5368638,3.5002751]]],[[[117.5374996,3.1020581],[117.5385349,3.0974973],[117.5423107,3.0960986],[117.5510802,3.095977],[117.5565003,3.0984703],[117.548766,3.1026054],[117.5374996,3.1020581]]],[[[117.5515613,3.0717703],[117.5652637,3.0543817],[117.5685942,3.051056],[117.5713537,3.051436],[117.593754,3.0622553],[117.6215304,3.0685845],[117.6236743,3.0721214],[117.6224625,3.0743552],[117.6044731,3.0836627],[117.5719246,3.0790867],[117.5534645,3.0738607],[117.5515613,3.0717703]]],[[[117.5594511,3.1064149],[117.5634156,3.1008876],[117.5679669,3.0974578],[117.579254,3.1001604],[117.5856257,3.1045232],[117.5885385,3.1085224],[117.5861719,3.1134306],[117.5823488,3.1150666],[117.5679669,3.1107038],[117.5605028,3.1079771],[117.5594511,3.1064149]]],[[[117.571821,3.0838842],[117.5857944,3.0837698],[117.6030512,3.0862859],[117.6053419,3.0871247],[117.6067163,3.0901364],[117.6055988,3.0947237],[117.5954051,3.0973542],[117.575514,3.0921313],[117.5726124,3.0899202],[117.571821,3.0838842]]],[[[117.5810511,2.9098307],[117.5919783,2.9073847],[117.6164703,2.9071965],[117.6419043,2.9011754],[117.6639471,2.9011754],[117.6761931,2.9036215],[117.6976707,2.9017399],[117.7140615,2.9064439],[117.7144383,2.9111478],[117.7027575,2.9322212],[117.6978591,2.9314686],[117.6876855,2.9342909],[117.6564111,2.9260121],[117.6439767,2.9265766],[117.6177891,2.9228135],[117.6068619,2.9179214],[117.5927319,2.9152872],[117.5810511,2.9098307]]],[[[117.5821668,3.1208836],[117.5912693,3.1148848],[117.5987333,3.1068864],[117.6180306,3.1103403],[117.6207614,3.1176115],[117.6149358,3.1236103],[117.6078358,3.1257916],[117.5918154,3.126337],[117.5821668,3.1208836]]],[[[117.5897144,4.0815577],[117.6013874,4.0221401],[117.6010441,4.0132357],[117.6235317,3.9908029],[117.635548,3.9827543],[117.6535725,3.9748769],[117.6669621,3.9663144],[117.6757156,3.9659192],[117.6827549,3.9723082],[117.7149633,3.9831468],[117.7186321,3.9868642],[117.723267,3.9870354],[117.7249836,4.0038174],[117.7368282,4.0286472],[117.7436947,4.0337843],[117.7529644,4.0604966],[117.7306473,4.0775668],[117.6677972,4.144511],[117.6563518,4.1474484],[117.6479753,4.1447768],[117.6393234,4.1388637],[117.6278233,4.1342936],[117.6221573,4.1237967],[117.6178669,4.1214524],[117.5967526,4.0911463],[117.5912594,4.0866945],[117.5897144,4.0815577]]],[[[117.6106608,2.8133469],[117.6150541,2.8040644],[117.6172508,2.8025455],[117.6319516,2.7993388],[117.6307688,2.8017016],[117.6189406,2.8108153],[117.6106608,2.8133469]]],[[[117.6224737,3.0829436],[117.625948,3.0744802],[117.6286205,3.071964],[117.6350727,3.0689903],[117.6390815,3.0701341],[117.6396541,3.0734889],[117.6312548,3.0831342],[117.6224737,3.0829436]]],[[[117.629417,2.8121655],[117.6334724,2.8067648],[117.6451316,2.8023767],[117.6512147,2.8015329],[117.6480042,2.8069336],[117.6392175,2.8131781],[117.629417,2.8121655]]],[[[117.641827,2.8154942],[117.657841,2.8006756],[117.6811555,2.7978529],[117.686572,2.8006756],[117.6943435,2.7999699],[117.699289,2.8044391],[117.712006,2.8072617],[117.726136,2.8079673],[117.731788,2.806556],[117.7357915,2.8098491],[117.738382,2.8164351],[117.730375,2.827255],[117.723781,2.8281958],[117.720484,2.8321944],[117.701173,2.8387804],[117.702115,2.8420733],[117.6929305,2.8531281],[117.6830395,2.8498352],[117.6797425,2.8517169],[117.664906,2.8406621],[117.6580765,2.8376043],[117.650776,2.825138],[117.641827,2.8154942]]],[[[117.68398014213349,4.16553],[117.7117645,4.1436577],[117.7294429,4.1219446],[117.7579387,4.1024256],[117.7759659,4.0881828],[117.8123581,4.068663],[117.8224834,4.0592766],[117.8442871,4.0436632],[117.8504642,4.0363314],[117.8607639,4.0299956],[117.8818782,4.035304],[117.8944095,4.0443794],[117.9033359,4.0409547],[117.9060852,4.0412659],[117.9139816,4.0464029],[117.9170715,4.0532523],[117.9266845,4.0607864],[117.9181015,4.0792791],[117.9198181,4.1035929],[117.9256546,4.1227694],[117.9254802,4.1299918],[117.9206737,4.1402647],[117.9055747,4.1548082],[117.89976747764362,4.166088442164759],[117.68398014213349,4.16553]]],[[[117.7536499,3.5445399],[117.7560531,3.5287771],[117.7608597,3.5147275],[117.826299,3.474946],[117.8369443,3.4618749],[117.8338992,3.4586738],[117.834642,3.4580558],[117.8371802,3.4616831],[117.8424859,3.4598449],[117.8439827,3.4553694],[117.8426388,3.4554749],[117.8419902,3.4567013],[117.842229,3.4578688],[117.8412692,3.4565709],[117.8421201,3.4554709],[117.844236,3.454438],[117.8513052,3.4530007],[117.8510667,3.451791],[117.8527826,3.4529024],[117.8592,3.4513055],[117.8629522,3.4484542],[117.8668633,3.4500052],[117.8704761,3.4549855],[117.873813,3.4672991],[117.8734168,3.4755369],[117.8717745,3.4785945],[117.8611099,3.4986215],[117.8501236,3.5366585],[117.824031,3.5733234],[117.8006851,3.5901133],[117.7862655,3.5777779],[117.7625763,3.5674982],[117.7550232,3.5613304],[117.7536499,3.5445399]]],[[[117.9922711,0.9255711],[118.0008948,0.9026807],[118.0039969,0.9001993],[118.010201,0.9036732],[118.0066647,0.9157698],[118.0088361,0.929169],[118.0050516,0.9295412],[117.9985993,0.938412],[117.9925813,0.9323947],[117.9922711,0.9255711]]],[[[117.9976445,0.7286358],[118.0028517,0.7182223],[118.013266,0.7132945],[118.0181477,0.7191056],[118.0200539,0.7185942],[118.0218207,0.7220344],[118.0212628,0.736446],[118.016288,0.7448604],[118.0135411,0.741093],[118.0121664,0.7417387],[118.0116388,0.7450929],[118.0087097,0.7449534],[118.0034096,0.7370968],[118.0016894,0.7370038],[118.0008525,0.7392353],[117.9982954,0.7370503],[117.9976445,0.7286358]]],[[[117.997731,0.9921704],[118.0020312,0.9822975],[117.9982354,0.9765117],[117.9991113,0.9676738],[118.0012348,0.964197],[118.0078178,0.964197],[118.008269,0.9654975],[118.0038627,0.9700359],[118.0034645,0.9733003],[118.0063844,0.9847126],[118.0059066,0.9897582],[118.0028473,0.9919538],[117.997731,0.9921704]]],[[[118.0144585,0.894599],[118.0147382,0.891858],[118.0179271,0.8908511],[118.0194935,0.8869914],[118.0254237,0.8829079],[118.0274937,0.8829638],[118.0285007,0.8859845],[118.0273258,0.8909071],[118.0232978,0.8940956],[118.0201089,0.8945431],[118.019046,0.8973959],[118.0168082,0.8973959],[118.0144585,0.894599]]],[[[118.194495,2.3805723],[118.1947473,2.3771688],[118.2015604,2.3670841],[118.2034529,2.3614114],[118.2086257,2.3556126],[118.2154387,2.3483011],[118.2213686,2.3553605],[118.2217471,2.3593944],[118.2102659,2.3720004],[118.2079949,2.3789336],[118.204336,2.3833456],[118.2010557,2.3844801],[118.194495,2.3805723]]],[[[118.4582933,1.4635266],[118.4612245,1.4561591],[118.460722,1.4521404],[118.462062,1.4508008],[118.4657469,1.4511357],[118.4701856,1.4458612],[118.4669194,1.4407542],[118.4720281,1.4379076],[118.478393,1.4393309],[118.481408,1.4319633],[118.4798168,1.4300377],[118.4744568,1.4306237],[118.4737868,1.4286981],[118.4695994,1.4282795],[118.4651607,1.4248468],[118.4711906,1.402995],[118.4772205,1.3991437],[118.4805705,1.3895992],[118.4858467,1.3899341],[118.4880242,1.3870037],[118.4955616,1.3854967],[118.501089,1.3801383],[118.5040202,1.3806406],[118.5153263,1.3824826],[118.5163313,1.3845757],[118.5298986,1.3863339],[118.5294799,1.3904364],[118.5268837,1.3934505],[118.520435,1.3937854],[118.5159963,1.3974692],[118.5160801,1.4031625],[118.5104689,1.4111162],[118.504104,1.4113674],[118.5018427,1.4155536],[118.4969853,1.4183164],[118.4940541,1.4220003],[118.497069,1.4261027],[118.4952266,1.4327168],[118.4912904,1.4377402],[118.4978228,1.4400844],[118.4973203,1.443517],[118.4866842,1.4483729],[118.4753781,1.460094],[118.4729493,1.4605963],[118.4724469,1.4564102],[118.4699344,1.4602614],[118.4701856,1.4657871],[118.4662494,1.4666243],[118.4623132,1.463108],[118.4582933,1.4635266]]],[[[118.505524,2.1363212],[118.5144869,2.1394681],[118.5227231,2.1401137],[118.5384687,2.137935],[118.5436365,2.134546],[118.5614815,2.1159063],[118.563581,2.1186498],[118.5614008,2.1248631],[118.5503183,2.139569],[118.5398414,2.152782],[118.537419,2.1616579],[118.525307,2.1620613],[118.5140024,2.1599634],[118.5114992,2.1566551],[118.505524,2.1363212]]],[[[118.5603508,2.2831031],[118.5605527,2.2767494],[118.5629751,2.2694879],[118.5618648,2.2547631],[118.5634798,2.2420552],[118.5758946,2.2271284],[118.5973935,2.1950554],[118.6091018,2.1887013],[118.6094046,2.1898107],[118.6040551,2.1954589],[118.6038532,2.1986864],[118.6164699,2.1839608],[118.6430154,2.1725636],[118.6531088,2.1632843],[118.6538153,2.1658059],[118.6511911,2.1704455],[118.6362529,2.1817419],[118.6223241,2.1891047],[118.611726,2.2005018],[118.6076887,2.2091757],[118.6010271,2.210386],[118.593558,2.2140169],[118.5854833,2.2254138],[118.5790236,2.2390295],[118.5724629,2.2481066],[118.5724629,2.2509305],[118.5682237,2.2594024],[118.5680218,2.2665631],[118.5640854,2.2766485],[118.5670125,2.2843134],[118.5654985,2.2874398],[118.5659022,2.2930876],[118.5697377,2.3046856],[118.570747,2.3052907],[118.5771058,2.3009541],[118.5870982,2.2847168],[118.590429,2.2816912],[118.5930533,2.2753374],[118.5971916,2.271505],[118.6012289,2.2708998],[118.6116251,2.2634366],[118.61324,2.2640417],[118.6161671,2.262428],[118.6203054,2.2552673],[118.6301969,2.2511323],[118.6317109,2.249216],[118.6333258,2.249922],[118.6369594,2.2479049],[118.6372622,2.2525442],[118.6342342,2.2565784],[118.6135428,2.2673699],[118.6077896,2.2720092],[118.5994121,2.2794724],[118.5767021,2.3087197],[118.5725638,2.3117452],[118.5690311,2.3122495],[118.5650947,2.3083163],[118.5624704,2.3016601],[118.5624704,2.2929868],[118.5603508,2.2831031]]]]}}]}
